DirPath,File,Method,PyPDF2_Score,OCR_Score,Final_Score,Output_Path
/content/drive/MyDrive/Base Model Farsi/Documents,Immunization Guide line-Final-1403.pdf,PyPDF2 (no OCR),0.788,0.0,0.788,/content/drive/MyDrive/Base Model Farsi/Output Texts/Immunization Guide line-Final-1403.txt
/content/drive/MyDrive/Base Model Farsi/Documents/medical guidelines/پروتوکل‌ها/Original Files/هموسیستینوری ناشی از نقص در تشکیل کوبالامین,نامه ابلاغ هموسیستینوری ناشی از نقص در تشکیل کوبالامین.pdf,"PyPDF2 (better, OCR worse)",0.5226,0.4857,0.5226,/content/drive/MyDrive/Base Model Farsi/Output Texts/نامه ابلاغ هموسیستینوری ناشی از نقص در تشکیل کوبالامین.txt
/content/drive/MyDrive/Base Model Farsi/Documents/medical guidelines/پروتوکل‌ها/Original Files/هموسیستینوری ناشی از نقص در تشکیل کوبالامین,6 تیر.pdf,PyPDF2 (no OCR),0.7889,0.0,0.7889,/content/drive/MyDrive/Base Model Farsi/Output Texts/6 تیر.txt
/content/drive/MyDrive/Base Model Farsi/Documents/medical guidelines/پروتوکل‌ها/Original Files/مسمومیت,مسمومیت ها  نامه.pdf,PyPDF2 (no OCR),0.7871,0.0,0.7871,/content/drive/MyDrive/Base Model Farsi/Output Texts/مسمومیت ها  نامه.txt
/content/drive/MyDrive/Base Model Farsi/Documents/medical guidelines/پروتوکل‌ها/Original Files/مسمومیت,رویکرد مسموم.pdf,PyPDF2 (no OCR),0.7902,0.0,0.7902,/content/drive/MyDrive/Base Model Farsi/Output Texts/رویکرد مسموم.txt
/content/drive/MyDrive/Base Model Farsi/Documents/medical guidelines/پروتوکل‌ها/Original Files/تغذیه در ms,تغذیه در ام اس نامه.pdf,PyPDF2 (no OCR),0.7848,0.0,0.7848,/content/drive/MyDrive/Base Model Farsi/Output Texts/تغذیه در ام اس نامه.txt
/content/drive/MyDrive/Base Model Farsi/Documents/medical guidelines/پروتوکل‌ها/Original Files/تغذیه در ms,پروتکل تغذیه در ms.pdf,PyPDF2 (no OCR),0.7896,0.0,0.7896,/content/drive/MyDrive/Base Model Farsi/Output Texts/پروتکل تغذیه در ms.txt
/content/drive/MyDrive/Base Model Farsi/Documents/medical guidelines/پروتوکل‌ها/Original Files/خود مراقبتی در کودک و نوجوان مبتلا به سنکوپ,نامه ابلاغ پروتکل خود مراقبتی در کودک و نوجوان مبتلا به سنکوپ.pdf,OCR (better),0.0,0.4819,0.4819,/content/drive/MyDrive/Base Model Farsi/Output Texts/نامه ابلاغ پروتکل خود مراقبتی در کودک و نوجوان مبتلا به سنکوپ.txt
/content/drive/MyDrive/Base Model Farsi/Documents/medical guidelines/پروتوکل‌ها/Original Files/خود مراقبتی در کودک و نوجوان مبتلا به سنکوپ,پروتکل خود مراقبتی در کودکان مبتلابه سنکوپ.pdf,PyPDF2 (no OCR),0.6849,0.0,0.6849,/content/drive/MyDrive/Base Model Farsi/Output Texts/پروتکل خود مراقبتی در کودکان مبتلابه سنکوپ.txt
/content/drive/MyDrive/Base Model Farsi/Documents/medical guidelines/پروتوکل‌ها/Original Files/پروتکل تغذیه در بیماران سوختگی,نامه ابلاغ پروتکل تغذیه در بیماران سوختگی.pdf,"PyPDF2 (better, OCR worse)",0.5203,0.4844,0.5203,/content/drive/MyDrive/Base Model Farsi/Output Texts/نامه ابلاغ پروتکل تغذیه در بیماران سوختگی.txt
/content/drive/MyDrive/Base Model Farsi/Documents/medical guidelines/پروتوکل‌ها/Original Files/پروتکل تغذیه در بیماران سوختگی,پروتکل تغذیه در بیماران سوختگی.pdf,PyPDF2 (no OCR),0.7891,0.0,0.7891,/content/drive/MyDrive/Base Model Farsi/Output Texts/پروتکل تغذیه در بیماران سوختگی.txt
/content/drive/MyDrive/Base Model Farsi/Documents/medical guidelines/پروتوکل‌ها/Original Files/MS,نامه ms.pdf,PyPDF2 (no OCR),0.7845,0.0,0.7845,/content/drive/MyDrive/Base Model Farsi/Output Texts/نامه ms.txt
/content/drive/MyDrive/Base Model Farsi/Documents/medical guidelines/پروتوکل‌ها/Original Files/MS,پروتکل تشخیصی درمانی ام اس ( نسخه سوم ).pdf,OCR (better),0.0,0.7565,0.7565,/content/drive/MyDrive/Base Model Farsi/Output Texts/پروتکل تشخیصی درمانی ام اس ( نسخه سوم ).txt
/content/drive/MyDrive/Base Model Farsi/Documents/medical guidelines/پروتوکل‌ها/Original Files/آهن زدایی,پروتکل تشخیص و درمان آهن زدایی در بیماران تالاسمی (نسخه دوم ) نامه ابلاغ.pdf,"PyPDF2 (better, OCR worse)",0.5207,0.4961,0.5207,/content/drive/MyDrive/Base Model Farsi/Output Texts/پروتکل تشخیص و درمان آهن زدایی در بیماران تالاسمی (نسخه دوم ) نامه ابلاغ.txt
/content/drive/MyDrive/Base Model Farsi/Documents/medical guidelines/پروتوکل‌ها/Original Files/آهن زدایی,پروتکل تشخیص و درمان آهن زدایی در بیماران تالاسمی (نسخه دوم ) فایل پیوست.pdf,PyPDF2 (no OCR),0.7649,0.0,0.7649,/content/drive/MyDrive/Base Model Farsi/Output Texts/پروتکل تشخیص و درمان آهن زدایی در بیماران تالاسمی (نسخه دوم ) فایل پیوست.txt
/content/drive/MyDrive/Base Model Farsi/Documents/medical guidelines/پروتوکل‌ها/Original Files/پروتکل تشخیص و درمان هموسیستنوری کلاسیک,نامه ابلاغ پروتکل هموسیستنوری کلاسیک.pdf,"PyPDF2 (better, OCR worse)",0.5211,0.4997,0.5211,/content/drive/MyDrive/Base Model Farsi/Output Texts/نامه ابلاغ پروتکل هموسیستنوری کلاسیک.txt
/content/drive/MyDrive/Base Model Farsi/Documents/medical guidelines/پروتوکل‌ها/Original Files/پروتکل تشخیص و درمان هموسیستنوری کلاسیک,پروتکل تشخیص و درمان هموسیستنوری کلاسیک.pdf,PyPDF2 (no OCR),0.7869,0.0,0.7869,/content/drive/MyDrive/Base Model Farsi/Output Texts/پروتکل تشخیص و درمان هموسیستنوری کلاسیک.txt
/content/drive/MyDrive/Base Model Farsi/Documents/medical guidelines/پروتوکل‌ها/Original Files/MTHFR پروتکل هموسستنوری ناشی از نقص,MTHFR نامه ابلاغ پروتکل هموسیستنوری ناشی از نقص.pdf,"PyPDF2 (better, OCR worse)",0.521,0.4926,0.521,/content/drive/MyDrive/Base Model Farsi/Output Texts/MTHFR نامه ابلاغ پروتکل هموسیستنوری ناشی از نقص.txt
/content/drive/MyDrive/Base Model Farsi/Documents/medical guidelines/پروتوکل‌ها/Original Files/MTHFR پروتکل هموسستنوری ناشی از نقص,MTHFR پروتکل تشخیص و درمان هموسیستنوری ناشی از نقص.pdf,PyPDF2 (no OCR),0.7896,0.0,0.7896,/content/drive/MyDrive/Base Model Farsi/Output Texts/MTHFR پروتکل تشخیص و درمان هموسیستنوری ناشی از نقص.txt
/content/drive/MyDrive/Base Model Farsi/Documents/medical guidelines/پروتوکل‌ها/Original Files/ابلاغ استاندارد - 202408100651581,نامه ابلاغ پروتکل تشخیص و درمان مسمومیت با الکل های شایع.pdf,"PyPDF2 (better, OCR worse)",0.5195,0.5034,0.5195,/content/drive/MyDrive/Base Model Farsi/Output Texts/نامه ابلاغ پروتکل تشخیص و درمان مسمومیت با الکل های شایع.txt
/content/drive/MyDrive/Base Model Farsi/Documents/medical guidelines/پروتوکل‌ها/Original Files/ابلاغ استاندارد - 202408100651581,پیوست پروتکل مسمومیت با الکل ای شایع.pdf,PyPDF2 (no OCR),0.7931,0.0,0.7931,/content/drive/MyDrive/Base Model Farsi/Output Texts/پیوست پروتکل مسمومیت با الکل ای شایع.txt
/content/drive/MyDrive/Base Model Farsi/Documents/medical guidelines/پروتوکل‌ها/Original Files/eb,پروتکل تشخیص و درمان ای بی - بهار 1401 - 1401-02-25.pdf,PyPDF2 (no OCR),0.7912,0.0,0.7912,/content/drive/MyDrive/Base Model Farsi/Output Texts/پروتکل تشخیص و درمان ای بی - بهار 1401 - 1401-02-25.txt
/content/drive/MyDrive/Base Model Farsi/Documents/medical guidelines/پروتوکل‌ها/Original Files/eb,نامه eb.pdf,PyPDF2 (no OCR),0.7869,0.0,0.7869,/content/drive/MyDrive/Base Model Farsi/Output Texts/نامه eb.txt
/content/drive/MyDrive/Base Model Farsi/Documents/medical guidelines/پروتوکل‌ها/Original Files/پروتکل سیستیک,نامه سیستیک.pdf,PyPDF2 (no OCR),0.7848,0.0,0.7848,/content/drive/MyDrive/Base Model Farsi/Output Texts/نامه سیستیک.txt
/content/drive/MyDrive/Base Model Farsi/Documents/medical guidelines/پروتوکل‌ها/Original Files/پروتکل سیستیک,نسخه دوم پروتکل تشخیصی درمانی سی اف .pdf,PyPDF2 (no OCR),0.7915,0.0,0.7915,/content/drive/MyDrive/Base Model Farsi/Output Texts/نسخه دوم پروتکل تشخیصی درمانی سی اف .txt
/content/drive/MyDrive/Base Model Farsi/Documents/medical guidelines/پروتوکل‌ها/Original Files/سلیاک,سلیاک.pdf,PyPDF2 (no OCR),0.7873,0.0,0.7873,/content/drive/MyDrive/Base Model Farsi/Output Texts/سلیاک.txt
/content/drive/MyDrive/Base Model Farsi/Documents/medical guidelines/پروتوکل‌ها/Original Files/سلیاک,سلیاک- ابلاغ.pdf,PyPDF2 (no OCR),0.7866,0.0,0.7866,/content/drive/MyDrive/Base Model Farsi/Output Texts/سلیاک- ابلاغ.txt
/content/drive/MyDrive/Base Model Farsi/Documents/medical guidelines/پروتوکل‌ها/Original Files/پارکینسون,پروتکل پارکینسون.pdf,"PyPDF2 (better, OCR worse)",0.5215,0.5013,0.5215,/content/drive/MyDrive/Base Model Farsi/Output Texts/پروتکل پارکینسون.txt
/content/drive/MyDrive/Base Model Farsi/Documents/medical guidelines/پروتوکل‌ها/Original Files/پارکینسون,پروتکل1 پارکینسون.pdf,PyPDF2 (no OCR),0.793,0.0,0.793,/content/drive/MyDrive/Base Model Farsi/Output Texts/پروتکل1 پارکینسون.txt
/content/drive/MyDrive/Base Model Farsi/Documents/medical guidelines/پروتوکل‌ها/Original Files/MG,نامه میاستنی گراو.pdf,PyPDF2 (no OCR),0.7848,0.0,0.7848,/content/drive/MyDrive/Base Model Farsi/Output Texts/نامه میاستنی گراو.txt
/content/drive/MyDrive/Base Model Farsi/Documents/medical guidelines/پروتوکل‌ها/Original Files/MG,MG protocol-v2.pdf,PyPDF2 (no OCR),0.7698,0.0,0.7698,/content/drive/MyDrive/Base Model Farsi/Output Texts/MG protocol-v2.txt
/content/drive/MyDrive/Base Model Farsi/Documents/medical guidelines/پروتوکل‌ها/Original Files/MG,نامه اصلاحیه.pdf,PyPDF2 (no OCR),0.7844,0.0,0.7844,/content/drive/MyDrive/Base Model Farsi/Output Texts/نامه اصلاحیه.txt
/content/drive/MyDrive/Base Model Farsi/Documents/medical guidelines/پروتوکل‌ها/Original Files/فارماکو تراپی,پروتکل جامع فارماکو تراپی پیوند کبد کودکان نامه ابلاغ.pdf,"PyPDF2 (better, OCR worse)",0.523,0.4949,0.523,/content/drive/MyDrive/Base Model Farsi/Output Texts/پروتکل جامع فارماکو تراپی پیوند کبد کودکان نامه ابلاغ.txt
/content/drive/MyDrive/Base Model Farsi/Documents/medical guidelines/پروتوکل‌ها/Original Files/فارماکو تراپی,پروتکل جامع فارماکو تراپی پیوند کبد کودکان فایل پیوست.pdf,PyPDF2 (no OCR),0.7865,0.0,0.7865,/content/drive/MyDrive/Base Model Farsi/Output Texts/پروتکل جامع فارماکو تراپی پیوند کبد کودکان فایل پیوست.txt
/content/drive/MyDrive/Base Model Farsi/Documents/medical guidelines/پروتوکل‌ها/Original Files/ALD,سه بیماری نیمن پیک، گوشه و ALD(نامه).pdf,"PyPDF2 (better, OCR worse)",0.5199,0.4973,0.5199,/content/drive/MyDrive/Base Model Farsi/Output Texts/سه بیماری نیمن پیک، گوشه و ALD(نامه).txt
/content/drive/MyDrive/Base Model Farsi/Documents/medical guidelines/پروتوکل‌ها/Original Files/ALD,ald.pdf,PyPDF2 (no OCR),0.7935,0.0,0.7935,/content/drive/MyDrive/Base Model Farsi/Output Texts/ald.txt
/content/drive/MyDrive/Base Model Farsi/Documents/medical guidelines/پروتوکل‌ها/Original Files/نیمن پیک,سه بیماری نیمن پیک، گوشه و ALD(نامه).pdf,Skipped,0,0,0,/content/drive/MyDrive/Base Model Farsi/Output Texts/سه بیماری نیمن پیک، گوشه و ALD(نامه).txt
/content/drive/MyDrive/Base Model Farsi/Documents/medical guidelines/پروتوکل‌ها/Original Files/نیمن پیک,نیمن پیک.pdf,PyPDF2 (no OCR),0.7207,0.0,0.7207,/content/drive/MyDrive/Base Model Farsi/Output Texts/نیمن پیک.txt
/content/drive/MyDrive/Base Model Farsi/Documents/medical guidelines/پروتوکل‌ها/Original Files/تی سا کس ,پرو تکل تشخیص و درمان بیماری تی ساکس نامه  ابلاغ.pdf,"PyPDF2 (better, OCR worse)",0.5193,0.5035,0.5193,/content/drive/MyDrive/Base Model Farsi/Output Texts/پرو تکل تشخیص و درمان بیماری تی ساکس نامه  ابلاغ.txt
/content/drive/MyDrive/Base Model Farsi/Documents/medical guidelines/پروتوکل‌ها/Original Files/تی سا کس ,پروتکل تشخیص و درمان بیماری تی ساکس فایل پیوست .pdf,PyPDF2 (no OCR),0.7862,0.0,0.7862,/content/drive/MyDrive/Base Model Farsi/Output Texts/پروتکل تشخیص و درمان بیماری تی ساکس فایل پیوست .txt
/content/drive/MyDrive/Base Model Farsi/Documents/medical guidelines/پروتوکل‌ها/Original Files/SMBG,SMBG.pdf,PyPDF2 (no OCR),0.7871,0.0,0.7871,/content/drive/MyDrive/Base Model Farsi/Output Texts/SMBG.txt
/content/drive/MyDrive/Base Model Farsi/Documents/medical guidelines/پروتوکل‌ها/Original Files/SMBG,SMBG (2).pdf,PyPDF2 (no OCR),0.7731,0.0,0.7731,/content/drive/MyDrive/Base Model Farsi/Output Texts/SMBG (2).txt
/content/drive/MyDrive/Base Model Farsi/Documents/medical guidelines,Irapen 1396.pdf,PyPDF2 (no OCR),0.7552,0.0,0.7552,/content/drive/MyDrive/Base Model Farsi/Output Texts/Irapen 1396.txt
/content/drive/MyDrive/Base Model Farsi/Documents/medical guidelines/پروتوکل‌ها/Original Files/نالوکسان_1,نامه نالوکسان.pdf,"PyPDF2 (better, OCR worse)",0.5198,0.5059,0.5198,/content/drive/MyDrive/Base Model Farsi/Output Texts/نامه نالوکسان.txt
/content/drive/MyDrive/Base Model Farsi/Documents/medical guidelines/پروتوکل‌ها/Original Files/پروتکل توهم زا_2,نامه ابلاغ.pdf,"PyPDF2 (better, OCR worse)",0.5212,0.5058,0.5212,/content/drive/MyDrive/Base Model Farsi/Output Texts/نامه ابلاغ.txt
/content/drive/MyDrive/Base Model Farsi/Documents/medical guidelines/پروتوکل‌ها/Original Files/پروتکل توهم زا_2,اصلاحی- 1 آذر.pdf,PyPDF2 (no OCR),0.7936,0.0,0.7936,/content/drive/MyDrive/Base Model Farsi/Output Texts/اصلاحی- 1 آذر.txt
/content/drive/MyDrive/Base Model Farsi/Documents/medical guidelines/پروتوکل‌ها/Original Files/Protocol-Cannabis-Pharmacotherapy-Adol-99.7.22,Protocol-Cannabis-Pharmacotherapy-Adol-99.7.22.pdf,PyPDF2 (no OCR),0.7869,0.0,0.7869,/content/drive/MyDrive/Base Model Farsi/Output Texts/Protocol-Cannabis-Pharmacotherapy-Adol-99.7.22.txt
/content/drive/MyDrive/Base Model Farsi/Documents/medical guidelines/پروتوکل‌ها/Original Files/ندول ریه,نامه ابلاغ.pdf,Skipped,0,0,0,/content/drive/MyDrive/Base Model Farsi/Output Texts/نامه ابلاغ.txt
/content/drive/MyDrive/Base Model Farsi/Documents/medical guidelines/پروتوکل‌ها/Original Files/ندول ریه,ندول ریه 16 مهر ماه.pdf,OCR (better),0.4707,0.7143,0.7143,/content/drive/MyDrive/Base Model Farsi/Output Texts/ندول ریه 16 مهر ماه.txt
/content/drive/MyDrive/Base Model Farsi/Documents/medical guidelines/پروتوکل‌ها/Original Files/گوشه,سه بیماری نیمن پیک، گوشه و ALD(نامه).pdf,Skipped,0,0,0,/content/drive/MyDrive/Base Model Farsi/Output Texts/سه بیماری نیمن پیک، گوشه و ALD(نامه).txt
/content/drive/MyDrive/Base Model Farsi/Documents/medical guidelines/پروتوکل‌ها/Original Files/گوشه,گوشه.pdf,PyPDF2 (no OCR),0.7727,0.0,0.7727,/content/drive/MyDrive/Base Model Farsi/Output Texts/گوشه.txt
/content/drive/MyDrive/Base Model Farsi/Documents/medical guidelines/پروتوکل‌ها/Original Files/غدد,اختلالات غدد در بیماران تالاسمی.pdf,PyPDF2 (no OCR),0.7853,0.0,0.7853,/content/drive/MyDrive/Base Model Farsi/Output Texts/اختلالات غدد در بیماران تالاسمی.txt
/content/drive/MyDrive/Base Model Farsi/Documents/medical guidelines/پروتوکل‌ها/Original Files/غدد,نامه.pdf,PyPDF2 (no OCR),0.7848,0.0,0.7848,/content/drive/MyDrive/Base Model Farsi/Output Texts/نامه.txt
/content/drive/MyDrive/Base Model Farsi/Documents/medical guidelines/پروتوکل‌ها/Original Files/پروتکل مسمومیت با آلومینیوم,نامه ابلاغ پروتکل مسمومیت با آلومینیوم.pdf,"PyPDF2 (better, OCR worse)",0.5239,0.5044,0.5239,/content/drive/MyDrive/Base Model Farsi/Output Texts/نامه ابلاغ پروتکل مسمومیت با آلومینیوم.txt
/content/drive/MyDrive/Base Model Farsi/Documents/medical guidelines/پروتوکل‌ها/Original Files/پروتکل مسمومیت با آلومینیوم,پروتکل مسمومیت با آلومینیوم.pdf,PyPDF2 (no OCR),0.7216,0.0,0.7216,/content/drive/MyDrive/Base Model Farsi/Output Texts/پروتکل مسمومیت با آلومینیوم.txt
/content/drive/MyDrive/Base Model Farsi/Documents/medical guidelines/پروتوکل‌ها/Original Files/جراحی قلب کرونا_1,پروتکل جراحی قلب در کویید 19.pdf,PyPDF2 (no OCR),0.7902,0.0,0.7902,/content/drive/MyDrive/Base Model Farsi/Output Texts/پروتکل جراحی قلب در کویید 19.txt
/content/drive/MyDrive/Base Model Farsi/Documents/medical guidelines/پروتوکل‌ها/Original Files/جراحی قلب کرونا_1,N!41477167.pdf,"PyPDF2 (better, OCR worse)",0.4741,0.4268,0.4741,/content/drive/MyDrive/Base Model Farsi/Output Texts/N!41477167.txt
/content/drive/MyDrive/Base Model Farsi/Documents/medical guidelines/پروتوکل‌ها/Original Files/پروتکل تشخیص و درمان بیماریهای نقص ایمنی اولیه,نامه ابلاغ پروتکل نقص ایمنی اولیه.pdf,"PyPDF2 (better, OCR worse)",0.5201,0.4926,0.5201,/content/drive/MyDrive/Base Model Farsi/Output Texts/نامه ابلاغ پروتکل نقص ایمنی اولیه.txt
/content/drive/MyDrive/Base Model Farsi/Documents/medical guidelines/پروتوکل‌ها/Original Files/پروتکل تشخیص و درمان بیماریهای نقص ایمنی اولیه,پروتکل نقص ایمنی اولیه.pdf,PyPDF2 (no OCR),0.7897,0.0,0.7897,/content/drive/MyDrive/Base Model Farsi/Output Texts/پروتکل نقص ایمنی اولیه.txt
/content/drive/MyDrive/Base Model Farsi/Documents/medical guidelines/پروتوکل‌ها/Original Files/Protocol-SUD-Psychotherapy-Adol-99.7.4,Protocol-SUD-Psychotherapy-Adol-99.7.4.pdf,PyPDF2 (no OCR),0.7819,0.0,0.7819,/content/drive/MyDrive/Base Model Farsi/Output Texts/Protocol-SUD-Psychotherapy-Adol-99.7.4.txt
/content/drive/MyDrive/Base Model Farsi/Documents/medical guidelines/پروتوکل‌ها/Original Files/Protocol-OUD-Child-Adol-99.7.22_1,Protocol-OUD-Child-Adol-99.7.22.pdf,PyPDF2 (no OCR),0.7905,0.0,0.7905,/content/drive/MyDrive/Base Model Farsi/Output Texts/Protocol-OUD-Child-Adol-99.7.22.txt
/content/drive/MyDrive/Base Model Farsi/Documents/medical guidelines/پروتوکل‌ها/Original Files/وزوز,وزوز.pdf,PyPDF2 (no OCR),0.787,0.0,0.787,/content/drive/MyDrive/Base Model Farsi/Output Texts/وزوز.txt
/content/drive/MyDrive/Base Model Farsi/Documents/medical guidelines/پروتوکل‌ها/Original Files/وزوز,پروتکل وزوز گوش.pdf,PyPDF2 (no OCR),0.7477,0.0,0.7477,/content/drive/MyDrive/Base Model Farsi/Output Texts/پروتکل وزوز گوش.txt
/content/drive/MyDrive/Base Model Farsi/Documents/medical guidelines/پروتوکل‌ها/Original Files/پروتکل درمان پیشگیرانه هموفیلی,نامه ابلاغ.pdf,Skipped,0,0,0,/content/drive/MyDrive/Base Model Farsi/Output Texts/نامه ابلاغ.txt
/content/drive/MyDrive/Base Model Farsi/Documents/medical guidelines/پروتوکل‌ها/Original Files/پروتکل درمان پیشگیرانه هموفیلی,پروتکل درمان پیشگیرانه هموفیلی.pdf,PyPDF2 (no OCR),0.7849,0.0,0.7849,/content/drive/MyDrive/Base Model Farsi/Output Texts/پروتکل درمان پیشگیرانه هموفیلی.txt
/content/drive/MyDrive/Base Model Farsi/Documents/medical guidelines/پروتوکل‌ها/Original Files/قرص برنج,پروتکل مسمومیت با قرص برنج.pdf,PyPDF2 (no OCR),0.7899,0.0,0.7899,/content/drive/MyDrive/Base Model Farsi/Output Texts/پروتکل مسمومیت با قرص برنج.txt
/content/drive/MyDrive/Base Model Farsi/Documents/medical guidelines/پروتوکل‌ها/Original Files/قرص برنج,نامه ابلاغ مسمومیت با قرص برنج.pdf,"PyPDF2 (better, OCR worse)",0.5113,0.4878,0.5113,/content/drive/MyDrive/Base Model Farsi/Output Texts/نامه ابلاغ مسمومیت با قرص برنج.txt
/content/drive/MyDrive/Base Model Farsi/Documents/medical guidelines/پروتوکل‌ها/Original Files/استواردشیپ,نامه (تجویز منطقی آنتی بیوتیک).pdf,"PyPDF2 (better, OCR worse)",0.5197,0.5036,0.5197,/content/drive/MyDrive/Base Model Farsi/Output Texts/نامه (تجویز منطقی آنتی بیوتیک).txt
/content/drive/MyDrive/Base Model Farsi/Documents/medical guidelines/پروتوکل‌ها/Original Files/استواردشیپ,استوارد شیپ.pdf,"PyPDF2 (better, OCR worse)",0.5763,0.5713,0.5763,/content/drive/MyDrive/Base Model Farsi/Output Texts/استوارد شیپ.txt
/content/drive/MyDrive/Base Model Farsi/Documents/medical guidelines/پروتوکل‌ها/Original Files/پروتکل جامع فارماکوتراپی در پیوند کبد,پروتکل پیوند کبد بزرگسال 1 اسفند 1402 .pdf,PyPDF2 (no OCR),0.7883,0.0,0.7883,/content/drive/MyDrive/Base Model Farsi/Output Texts/پروتکل پیوند کبد بزرگسال 1 اسفند 1402 .txt
/content/drive/MyDrive/Base Model Farsi/Documents/medical guidelines/پروتوکل‌ها/Original Files/پروتکل جامع فارماکوتراپی در پیوند کبد,نامه ابلاغ فارماکوتراپی پیوند کبد بزرگسال 8 اسفند.pdf,"PyPDF2 (better, OCR worse)",0.5217,0.4945,0.5217,/content/drive/MyDrive/Base Model Farsi/Output Texts/نامه ابلاغ فارماکوتراپی پیوند کبد بزرگسال 8 اسفند.txt
/content/drive/MyDrive/Base Model Farsi/Documents/medical guidelines/Sorted by Field/Cardiology,راهکار طبابت بالینی آنژین پای.pdf,PyPDF2 (no OCR),0.7514,0.0,0.7514,/content/drive/MyDrive/Base Model Farsi/Output Texts/راهکار طبابت بالینی آنژین پای.txt
/content/drive/MyDrive/Base Model Farsi/Documents/medical guidelines/Sorted by Field/Cardiology,Emboli.pdf,PyPDF2 (no OCR),0.7843,0.0,0.7843,/content/drive/MyDrive/Base Model Farsi/Output Texts/Emboli.txt
/content/drive/MyDrive/Base Model Farsi/Documents/medical guidelines/Sorted by Field/Cardiology,دیس لیپیدمی.pdf,PyPDF2 (no OCR),0.7893,0.0,0.7893,/content/drive/MyDrive/Base Model Farsi/Output Texts/دیس لیپیدمی.txt
/content/drive/MyDrive/Base Model Farsi/Documents/medical guidelines/Sorted by Field/Cardiology,ACS طبابت بالینی.pdf,PyPDF2 (no OCR),0.7898,0.0,0.7898,/content/drive/MyDrive/Base Model Farsi/Output Texts/ACS طبابت بالینی.txt
/content/drive/MyDrive/Base Model Farsi/Documents/medical guidelines/Sorted by Field/Cardiology,خلاصه ACS.pdf,PyPDF2 (no OCR),0.7907,0.0,0.7907,/content/drive/MyDrive/Base Model Farsi/Output Texts/خلاصه ACS.txt
/content/drive/MyDrive/Base Model Farsi/Documents/medical guidelines/Sorted by Field/Hematology & Oncology,راهنمای فرایند تزریق خون.pdf,PyPDF2 (no OCR),0.7884,0.0,0.7884,/content/drive/MyDrive/Base Model Farsi/Output Texts/راهنمای فرایند تزریق خون.txt
/content/drive/MyDrive/Base Model Farsi/Documents/medical guidelines/Sorted by Field/Emergency Department,Neck Trauma.pdf,PyPDF2 (no OCR),0.788,0.0,0.788,/content/drive/MyDrive/Base Model Farsi/Output Texts/Neck Trauma.txt
/content/drive/MyDrive/Base Model Farsi/Documents/medical guidelines/پروتوکل‌ها/Original Files/نالوکسان_1,opioid پروتکل.pdf,OCR (better),0.4122,0.781,0.781,/content/drive/MyDrive/Base Model Farsi/Output Texts/opioid پروتکل.txt
/content/drive/MyDrive/Base Model Farsi/Documents/medical guidelines/Sorted by Field/Emergency Department,راهنمای احیای وریدی در تروما.pdf,PyPDF2 (no OCR),0.7875,0.0,0.7875,/content/drive/MyDrive/Base Model Farsi/Output Texts/راهنمای احیای وریدی در تروما.txt
/content/drive/MyDrive/Base Model Farsi/Documents/medical guidelines/Sorted by Field/Ophtalmology,رتینوپاتی.pdf,PyPDF2 (no OCR),0.74,0.0,0.74,/content/drive/MyDrive/Base Model Farsi/Output Texts/رتینوپاتی.txt
/content/drive/MyDrive/Base Model Farsi/Documents/medical guidelines/Sorted by Field/Neurology,1.TBI CogRehab CPGs- Brief.pdf,PyPDF2 (no OCR),0.7971,0.0,0.7971,/content/drive/MyDrive/Base Model Farsi/Output Texts/1.TBI CogRehab CPGs- Brief.txt
/content/drive/MyDrive/Base Model Farsi/Documents/medical guidelines/Sorted by Field/Neurology,2.TBI CogRehab CPGs- Report. HG 22.11.1401.pdf,PyPDF2 (no OCR),0.7958,0.0,0.7958,/content/drive/MyDrive/Base Model Farsi/Output Texts/2.TBI CogRehab CPGs- Report. HG 22.11.1401.txt
/content/drive/MyDrive/Base Model Farsi/Documents/medical guidelines/Sorted by Field/Surgery,prophilactic_antibiotic_260622.pdf,OCR (better),0.5772,0.75,0.75,/content/drive/MyDrive/Base Model Farsi/Output Texts/prophilactic_antibiotic_260622.txt
/content/drive/MyDrive/Base Model Farsi/Documents/medical guidelines/Sorted by Field/Emergency Department,Head Trauma.pdf,OCR (better),0.5054,0.7426,0.7426,/content/drive/MyDrive/Base Model Farsi/Output Texts/Head Trauma.txt
/content/drive/MyDrive/Base Model Farsi/Documents/medical guidelines/Sorted by Field/Endocrine,Hypothyroidism.pdf,PyPDF2 (no OCR),0.7108,0.0,0.7108,/content/drive/MyDrive/Base Model Farsi/Output Texts/Hypothyroidism.txt
/content/drive/MyDrive/Base Model Farsi/Documents/medical guidelines/Sorted by Field/Endocrine,Osteoporosis.pdf,PyPDF2 (no OCR),0.7917,0.0,0.7917,/content/drive/MyDrive/Base Model Farsi/Output Texts/Osteoporosis.txt
/content/drive/MyDrive/Base Model Farsi/Documents/medical guidelines/Sorted by Field/Psychology,راهنمای بالینی مدیریت اختلال دو¬قطبی بزرگسالان ایران.pdf,PyPDF2 (no OCR),0.7972,0.0,0.7972,/content/drive/MyDrive/Base Model Farsi/Output Texts/راهنمای بالینی مدیریت اختلال دو¬قطبی بزرگسالان ایران.txt
/content/drive/MyDrive/Base Model Farsi/Documents/medical guidelines/Sorted by Field/Psychology,راهنمای بالینی افسردگی.pdf,PyPDF2 (no OCR),0.7918,0.0,0.7918,/content/drive/MyDrive/Base Model Farsi/Output Texts/راهنمای بالینی افسردگی.txt
/content/drive/MyDrive/Base Model Farsi/Documents/medical guidelines/Sorted by Field/Ortho,Arthroplasty.pdf,PyPDF2 (no OCR),0.7925,0.0,0.7925,/content/drive/MyDrive/Base Model Farsi/Output Texts/Arthroplasty.txt
/content/drive/MyDrive/Base Model Farsi/Documents/medical guidelines/Sorted by Field/Ortho,Thromboemboli Prophylaxis (Ortho).pdf,PyPDF2 (no OCR),0.7898,0.0,0.7898,/content/drive/MyDrive/Base Model Farsi/Output Texts/Thromboemboli Prophylaxis (Ortho).txt
/content/drive/MyDrive/Base Model Farsi/Documents/medical guidelines/Sorted by Field/GP,obesity_260638.pdf,PyPDF2 (no OCR),0.7491,0.0,0.7491,/content/drive/MyDrive/Base Model Farsi/Output Texts/obesity_260638.txt
/content/drive/MyDrive/Base Model Farsi/Documents/medical guidelines/Sorted by Field/Urology,راهنماي باليني سرطان مثانه.pdf,PyPDF2 (no OCR),0.7982,0.0,0.7982,/content/drive/MyDrive/Base Model Farsi/Output Texts/راهنماي باليني سرطان مثانه.txt
/content/drive/MyDrive/Base Model Farsi/Documents/medical guidelines/Sorted by Field/Infectious Disease,راهنمای بالینی اندوکاردیت عفونی.pdf,PyPDF2 (no OCR),0.7903,0.0,0.7903,/content/drive/MyDrive/Base Model Farsi/Output Texts/راهنمای بالینی اندوکاردیت عفونی.txt
/content/drive/MyDrive/Base Model Farsi/Documents/medical guidelines/Sorted by Field/Infectious Disease,تب دنگی.pdf,OCR (better),0.5045,0.6299,0.6299,/content/drive/MyDrive/Base Model Farsi/Output Texts/تب دنگی.txt
/content/drive/MyDrive/Base Model Farsi/Documents/medical guidelines/Sorted by Field/Ob & Gyn,راهنمای بالینی  دیابت بارداری.pdf,PyPDF2 (no OCR),0.7902,0.0,0.7902,/content/drive/MyDrive/Base Model Farsi/Output Texts/راهنمای بالینی  دیابت بارداری.txt
/content/drive/MyDrive/Base Model Farsi/Documents/medical guidelines/Sorted by Field/Ob & Gyn,تیروئید_در_بارداری.pdf,PyPDF2 (no OCR),0.7678,0.0,0.7678,/content/drive/MyDrive/Base Model Farsi/Output Texts/تیروئید_در_بارداری.txt
/content/drive/MyDrive/Base Model Farsi/Documents/medical guidelines/Sorted by Field/Ob & Gyn/Procedures,Cvs.pdf,OCR (better),0.2208,0.5708,0.5708,/content/drive/MyDrive/Base Model Farsi/Output Texts/Cvs.txt
/content/drive/MyDrive/Base Model Farsi/Documents/medical guidelines/راهنماهای بالینی,راهنمای بالینی استئوپروز و سارکوپنی.pdf,PyPDF2 (no OCR),0.7917,0.0,0.7917,/content/drive/MyDrive/Base Model Farsi/Output Texts/راهنمای بالینی استئوپروز و سارکوپنی.txt
/content/drive/MyDrive/Base Model Farsi/Documents/medical guidelines/راهنماهای بالینی,ورزش در جراحی چاقی.pdf,PyPDF2 (no OCR),0.7804,0.0,0.7804,/content/drive/MyDrive/Base Model Farsi/Output Texts/ورزش در جراحی چاقی.txt
/content/drive/MyDrive/Base Model Farsi/Documents/medical guidelines/راهنماهای بالینی/سرطان کلیه,نامه_ابلاغ_سرطان_کلیه_303690.pdf,"PyPDF2 (better, OCR worse)",0.5534,0.5412,0.5534,/content/drive/MyDrive/Base Model Farsi/Output Texts/نامه_ابلاغ_سرطان_کلیه_303690.txt
/content/drive/MyDrive/Base Model Farsi/Documents/medical guidelines/راهنماهای بالینی/سرطان کلیه,سرطان_کلیه_303689.pdf,PyPDF2 (no OCR),0.7526,0.0,0.7526,/content/drive/MyDrive/Base Model Farsi/Output Texts/سرطان_کلیه_303689.txt
/content/drive/MyDrive/Base Model Farsi/Documents/medical guidelines/راهنماهای بالینی/سرطان ریه,راهنمای بالینی سرطان ریه-.pdf,PyPDF2 (no OCR),0.7839,0.0,0.7839,/content/drive/MyDrive/Base Model Farsi/Output Texts/راهنمای بالینی سرطان ریه-.txt
/content/drive/MyDrive/Base Model Farsi/Documents/medical guidelines/راهنماهای بالینی/سرطان ریه,نامه ابلاغ.pdf,Skipped,0,0,0,/content/drive/MyDrive/Base Model Farsi/Output Texts/نامه ابلاغ.txt
/content/drive/MyDrive/Base Model Farsi/Documents/medical guidelines/راهنماهای بالینی/سکته مغزی,سکته مغزی_298738.pdf,PyPDF2 (no OCR),0.721,0.0,0.721,/content/drive/MyDrive/Base Model Farsi/Output Texts/سکته مغزی_298738.txt
/content/drive/MyDrive/Base Model Farsi/Documents/medical guidelines/راهنماهای بالینی/ورزش در جراحی چاقی,نامه ابلاغ ورزش در جراحی چاقی.pdf,OCR (better),0.0,0.4993,0.4993,/content/drive/MyDrive/Base Model Farsi/Output Texts/نامه ابلاغ ورزش در جراحی چاقی.txt
/content/drive/MyDrive/Base Model Farsi/Documents/medical guidelines/راهنماهای بالینی/ورزش در جراحی چاقی,فایل ابلاغ ورزش در جراحی چاقی.pdf,PyPDF2 (no OCR),0.7804,0.0,0.7804,/content/drive/MyDrive/Base Model Farsi/Output Texts/فایل ابلاغ ورزش در جراحی چاقی.txt
/content/drive/MyDrive/Base Model Farsi/Documents/medical guidelines/راهنماهای بالینی/گاید فشارخون - 202311220637061,گاید فشار خون.pdf,PyPDF2 (no OCR),0.7872,0.0,0.7872,/content/drive/MyDrive/Base Model Farsi/Output Texts/گاید فشار خون.txt
/content/drive/MyDrive/Base Model Farsi/Documents/medical guidelines/راهنماهای بالینی/گاید فشارخون - 202311220637061,گزارش نهایی گاید فشار خون.pdf,PyPDF2 (no OCR),0.7888,0.0,0.7888,/content/drive/MyDrive/Base Model Farsi/Output Texts/گزارش نهایی گاید فشار خون.txt
/content/drive/MyDrive/Base Model Farsi/Documents/medical guidelines/راهنماهای بالینی/گاید فشارخون - 202311220637061,خلاصه نهایی گاید فشار خون.pdf,PyPDF2 (no OCR),0.7891,0.0,0.7891,/content/drive/MyDrive/Base Model Farsi/Output Texts/خلاصه نهایی گاید فشار خون.txt
/content/drive/MyDrive/Base Model Farsi/Documents/medical guidelines/راهنماهای بالینی/کودک آزاری جهت دندانپزشکان_2,کودک آزاری.pdf,"PyPDF2 (better, OCR worse)",0.5278,0.512,0.5278,/content/drive/MyDrive/Base Model Farsi/Output Texts/کودک آزاری.txt
/content/drive/MyDrive/Base Model Farsi/Documents/medical guidelines/راهنماهای بالینی/کودک آزاری جهت دندانپزشکان_2,کودک آزاری1.pdf,PyPDF2 (no OCR),0.79,0.0,0.79,/content/drive/MyDrive/Base Model Farsi/Output Texts/کودک آزاری1.txt
/content/drive/MyDrive/Base Model Farsi/Documents/medical guidelines/راهنماهای بالینی/سرطان پروستات,نامه سرطان پروستات و بی سل لنفوم.pdf,PyPDF2 (no OCR),0.7847,0.0,0.7847,/content/drive/MyDrive/Base Model Farsi/Output Texts/نامه سرطان پروستات و بی سل لنفوم.txt
/content/drive/MyDrive/Base Model Farsi/Documents/medical guidelines/راهنماهای بالینی/سرطان پروستات,راهنمای بالینی سرطان پروستات  .pdf,PyPDF2 (no OCR),0.784,0.0,0.784,/content/drive/MyDrive/Base Model Farsi/Output Texts/راهنمای بالینی سرطان پروستات  .txt
/content/drive/MyDrive/Base Model Farsi/Documents/medical guidelines/راهنماهای بالینی/سرطان میلوییدی حاد,سرطان میلوییدی حاد.pdf,PyPDF2 (no OCR),0.7872,0.0,0.7872,/content/drive/MyDrive/Base Model Farsi/Output Texts/سرطان میلوییدی حاد.txt
/content/drive/MyDrive/Base Model Farsi/Documents/medical guidelines/Sorted by Field/Endocrine,Hyperthyroidism.pdf,OCR (better),0.4919,0.7359,0.7359,/content/drive/MyDrive/Base Model Farsi/Output Texts/Hyperthyroidism.txt
/content/drive/MyDrive/Base Model Farsi/Documents/medical guidelines/راهنماهای بالینی/سرطان پستان,نامه ابلاغ سرطان پستان.pdf,PyPDF2 (no OCR),0.7848,0.0,0.7848,/content/drive/MyDrive/Base Model Farsi/Output Texts/نامه ابلاغ سرطان پستان.txt
/content/drive/MyDrive/Base Model Farsi/Documents/medical guidelines/راهنماهای بالینی/سرطان پستان,راهنمای بالینی سرطان پستان .pdf,PyPDF2 (no OCR),0.7837,0.0,0.7837,/content/drive/MyDrive/Base Model Farsi/Output Texts/راهنمای بالینی سرطان پستان .txt
/content/drive/MyDrive/Base Model Farsi/Documents/medical guidelines/راهنماهای بالینی/فشار خون حاملگی,فشارخون حاملگی.pdf,PyPDF2 (no OCR),0.7433,0.0,0.7433,/content/drive/MyDrive/Base Model Farsi/Output Texts/فشارخون حاملگی.txt
/content/drive/MyDrive/Base Model Farsi/Documents/medical guidelines/راهنماهای بالینی/فشار خون حاملگی,نامه_.pdf,"PyPDF2 (better, OCR worse)",0.5568,0.5499,0.5568,/content/drive/MyDrive/Base Model Farsi/Output Texts/نامه_.txt
/content/drive/MyDrive/Base Model Farsi/Documents/medical guidelines/راهنماهای بالینی/سرطان پروستات (1),نامه_ابلاغ_سرطان_پرستات_303692.pdf,"PyPDF2 (better, OCR worse)",0.5588,0.5482,0.5588,/content/drive/MyDrive/Base Model Farsi/Output Texts/نامه_ابلاغ_سرطان_پرستات_303692.txt
/content/drive/MyDrive/Base Model Farsi/Documents/medical guidelines/راهنماهای بالینی/سرطان پروستات (1),سرطان_پرستات_303691.pdf,PyPDF2 (no OCR),0.6932,0.0,0.6932,/content/drive/MyDrive/Base Model Farsi/Output Texts/سرطان_پرستات_303691.txt
/content/drive/MyDrive/Base Model Farsi/Documents/medical guidelines/راهنماهای بالینی/ورزش درمانی در بیماران دیابتی_1,راهنمای ورزش درمانی در دیابت.pdf,PyPDF2 (no OCR),0.7891,0.0,0.7891,/content/drive/MyDrive/Base Model Farsi/Output Texts/راهنمای ورزش درمانی در دیابت.txt
/content/drive/MyDrive/Base Model Farsi/Documents/medical guidelines/راهنماهای بالینی/متانول در چشم,مسمومیت با متانول در چشم.pdf,"PyPDF2 (better, OCR worse)",0.5223,0.5039,0.5223,/content/drive/MyDrive/Base Model Farsi/Output Texts/مسمومیت با متانول در چشم.txt
/content/drive/MyDrive/Base Model Farsi/Documents/medical guidelines/راهنماهای بالینی/متانول در چشم,راهنمای بالینی متانول در چشم.pdf,PyPDF2 (no OCR),0.7667,0.0,0.7667,/content/drive/MyDrive/Base Model Farsi/Output Texts/راهنمای بالینی متانول در چشم.txt
/content/drive/MyDrive/Base Model Farsi/Documents/medical guidelines/راهنماهای بالینی/سرطان لنفوم,نامه سرطان پروستات و بی سل لنفوم.pdf,Skipped,0,0,0,/content/drive/MyDrive/Base Model Farsi/Output Texts/نامه سرطان پروستات و بی سل لنفوم.txt
/content/drive/MyDrive/Base Model Farsi/Documents/medical guidelines/راهنماهای بالینی/سرطان لنفوم,راهنمای بالینی سرطان لنفوم .pdf,PyPDF2 (no OCR),0.7777,0.0,0.7777,/content/drive/MyDrive/Base Model Farsi/Output Texts/راهنمای بالینی سرطان لنفوم .txt
/content/drive/MyDrive/Base Model Farsi/Documents/medical guidelines/راهنماهای بالینی/هپاتیت_1,هپاتیت C.pdf,PyPDF2 (no OCR),0.7873,0.0,0.7873,/content/drive/MyDrive/Base Model Farsi/Output Texts/هپاتیت C.txt
/content/drive/MyDrive/Base Model Farsi/Documents/medical guidelines/راهنماهای بالینی/هپاتیت_1,هپاتیت.pdf,PyPDF2 (no OCR),0.783,0.0,0.783,/content/drive/MyDrive/Base Model Farsi/Output Texts/هپاتیت.txt
/content/drive/MyDrive/Base Model Farsi/Documents/medical guidelines/راهنماهای بالینی/گاز خردل,راهنمای بالینی گاز خردل.pdf,PyPDF2 (no OCR),0.746,0.0,0.746,/content/drive/MyDrive/Base Model Farsi/Output Texts/راهنمای بالینی گاز خردل.txt
/content/drive/MyDrive/Base Model Farsi/Documents/medical guidelines/راهنماهای بالینی/گاز خردل,نامه.pdf,Skipped,0,0,0,/content/drive/MyDrive/Base Model Farsi/Output Texts/نامه.txt
/content/drive/MyDrive/Base Model Farsi/Documents/medical guidelines/راهنماهای بالینی/سیگار,smoking.pdf,PyPDF2 (no OCR),0.7905,0.0,0.7905,/content/drive/MyDrive/Base Model Farsi/Output Texts/smoking.txt
/content/drive/MyDrive/Base Model Farsi/Documents/medical guidelines/استانداردها,Varicocelectomy with Herniorrhaphy.pdf,PyPDF2 (no OCR),0.6938,0.0,0.6938,/content/drive/MyDrive/Base Model Farsi/Output Texts/Varicocelectomy with Herniorrhaphy.txt
/content/drive/MyDrive/Base Model Farsi/Documents/medical guidelines/استانداردها,Varicocelectomy with Herniorrhaphy (1).pdf,PyPDF2 (no OCR),0.6938,0.0,0.6938,/content/drive/MyDrive/Base Model Farsi/Output Texts/Varicocelectomy with Herniorrhaphy (1).txt
/content/drive/MyDrive/Base Model Farsi/Documents/medical guidelines/استانداردها,SOP MPI .pdf,OCR (better),0.0,0.752,0.752,/content/drive/MyDrive/Base Model Farsi/Output Texts/SOP MPI .txt
/content/drive/MyDrive/Base Model Farsi/Documents/medical guidelines/استانداردها,هانتینگتون.pdf,PyPDF2 (no OCR),0.7121,0.0,0.7121,/content/drive/MyDrive/Base Model Farsi/Output Texts/هانتینگتون.txt
/content/drive/MyDrive/Base Model Farsi/Documents/medical guidelines/استانداردها/سرطان دهانه رحم,سرطان دهانه رحم.pdf,PyPDF2 (no OCR),0.787,0.0,0.787,/content/drive/MyDrive/Base Model Farsi/Output Texts/سرطان دهانه رحم.txt
/content/drive/MyDrive/Base Model Farsi/Documents/medical guidelines/استانداردها/سرطان دهانه رحم,استاندارد تشخیص زودهنگام سرطان سرویکس.pdf,PyPDF2 (no OCR),0.7295,0.0,0.7295,/content/drive/MyDrive/Base Model Farsi/Output Texts/استاندارد تشخیص زودهنگام سرطان سرویکس.txt
/content/drive/MyDrive/Base Model Farsi/Documents/medical guidelines/استانداردها/غربالگری نوزاد,غربالگری.pdf,PyPDF2 (no OCR),0.787,0.0,0.787,/content/drive/MyDrive/Base Model Farsi/Output Texts/غربالگری.txt
/content/drive/MyDrive/Base Model Farsi/Documents/medical guidelines/استانداردها/غربالگری نوزاد,غربالگری نوزادان.pdf,PyPDF2 (no OCR),0.7849,0.0,0.7849,/content/drive/MyDrive/Base Model Farsi/Output Texts/غربالگری نوزادان.txt
/content/drive/MyDrive/Base Model Farsi/Documents/medical guidelines/راهنماهای بالینی/مراقبت های تسکینی در بیماران مبتلا به سرطان,طب تسکینی .pdf,OCR (better),0.3554,0.7542,0.7542,/content/drive/MyDrive/Base Model Farsi/Output Texts/طب تسکینی .txt
/content/drive/MyDrive/Base Model Farsi/Documents/medical guidelines/استانداردها/IMRT_1,فایل ابلاغ imrt.pdf,PyPDF2 (no OCR),0.7925,0.0,0.7925,/content/drive/MyDrive/Base Model Farsi/Output Texts/فایل ابلاغ imrt.txt
/content/drive/MyDrive/Base Model Farsi/Documents/medical guidelines/استانداردها/مسمومیت,استاندارد آنتی دوت تراپی .pdf,OCR (better),0.0,0.7614,0.7614,/content/drive/MyDrive/Base Model Farsi/Output Texts/استاندارد آنتی دوت تراپی .txt
/content/drive/MyDrive/Base Model Farsi/Documents/medical guidelines/استانداردها/IMRT_1,IMRT.pdf,PyPDF2 (no OCR),0.7873,0.0,0.7873,/content/drive/MyDrive/Base Model Farsi/Output Texts/IMRT.txt
/content/drive/MyDrive/Base Model Farsi/Documents/medical guidelines/استانداردها/سالمندان,استاندارد  سالمندان.pdf,PyPDF2 (no OCR),0.7904,0.0,0.7904,/content/drive/MyDrive/Base Model Farsi/Output Texts/استاندارد  سالمندان.txt
/content/drive/MyDrive/Base Model Farsi/Documents/medical guidelines/استانداردها/سالمندان,نامه ابلاغ.pdf,Skipped,0,0,0,/content/drive/MyDrive/Base Model Farsi/Output Texts/نامه ابلاغ.txt
/content/drive/MyDrive/Base Model Farsi/Documents/medical guidelines/استانداردها/ارائه خدمات در منزل به بیماران با آسیب مغزی,CVA.pdf,PyPDF2 (no OCR),0.7924,0.0,0.7924,/content/drive/MyDrive/Base Model Farsi/Output Texts/CVA.txt
/content/drive/MyDrive/Base Model Farsi/Documents/medical guidelines/استانداردها/IMRT_1,فرمت استاندارد.pdf,"PyPDF2 (better, OCR worse)",0.4629,0.1511,0.4629,/content/drive/MyDrive/Base Model Farsi/Output Texts/فرمت استاندارد.txt
/content/drive/MyDrive/Base Model Farsi/Documents/medical guidelines/استانداردها/ارائه خدمات در منزل به بیماران با آسیب مغزی,N!5710566.pdf,"PyPDF2 (better, OCR worse)",0.5251,0.5076,0.5251,/content/drive/MyDrive/Base Model Farsi/Output Texts/N!5710566.txt
/content/drive/MyDrive/Base Model Farsi/Documents/medical guidelines/استانداردها/هایپک,شیمی درمانی.pdf,PyPDF2 (no OCR),0.7875,0.0,0.7875,/content/drive/MyDrive/Base Model Farsi/Output Texts/شیمی درمانی.txt
/content/drive/MyDrive/Base Model Farsi/Documents/medical guidelines/استانداردها/هایپک,شیمی درمانی1.pdf,PyPDF2 (no OCR),0.7836,0.0,0.7836,/content/drive/MyDrive/Base Model Farsi/Output Texts/شیمی درمانی1.txt
/content/drive/MyDrive/Base Model Farsi/Documents/medical guidelines/استانداردها/کار گذاری کاتتر فضای پلور,کار گذاری کاتتر فضای پلور.pdf,OCR (better),0.3093,0.5401,0.5401,/content/drive/MyDrive/Base Model Farsi/Output Texts/کار گذاری کاتتر فضای پلور.txt
/content/drive/MyDrive/Base Model Farsi/Documents/medical guidelines/استانداردها/ویزیت تکاملی کودکان,ویزیت تکاملی گسترده کودکان- نامه.pdf,PyPDF2 (no OCR),0.7848,0.0,0.7848,/content/drive/MyDrive/Base Model Farsi/Output Texts/ویزیت تکاملی گسترده کودکان- نامه.txt
/content/drive/MyDrive/Base Model Farsi/Documents/medical guidelines/استانداردها/SOP Whole body iodine scan,SOP Whole body iodine scan .pdf,OCR (better),0.533,0.7666,0.7666,/content/drive/MyDrive/Base Model Farsi/Output Texts/SOP Whole body iodine scan .txt
/content/drive/MyDrive/Base Model Farsi/Documents/medical guidelines/استانداردها/تله مدیسین,نامه تله مدیسین.pdf,PyPDF2 (no OCR),0.7872,0.0,0.7872,/content/drive/MyDrive/Base Model Farsi/Output Texts/نامه تله مدیسین.txt
/content/drive/MyDrive/Base Model Farsi/Documents/medical guidelines/استانداردها/تله مدیسین,29 شهریور.pdf,PyPDF2 (no OCR),0.7917,0.0,0.7917,/content/drive/MyDrive/Base Model Farsi/Output Texts/29 شهریور.txt
/content/drive/MyDrive/Base Model Farsi/Documents/medical guidelines/استانداردها/ویزیت تکاملی کودکان,ویزیت تکاملی گسترده کودکان.pdf,OCR (better),0.0,0.6975,0.6975,/content/drive/MyDrive/Base Model Farsi/Output Texts/ویزیت تکاملی گسترده کودکان.txt
/content/drive/MyDrive/Base Model Farsi/Documents/medical guidelines/استانداردها/ترمیم پری سرویکال رینگ_1,ترمیم پری سرویکال رینگ.pdf,PyPDF2 (no OCR),0.7215,0.0,0.7215,/content/drive/MyDrive/Base Model Farsi/Output Texts/ترمیم پری سرویکال رینگ.txt
/content/drive/MyDrive/Base Model Farsi/Documents/medical guidelines/استانداردها/تثبیت لیگامان ساکرواسپاینوس,تثبیت لیگامان ساکرواسپاینوس  .pdf,PyPDF2 (no OCR),0.6045,0.0,0.6045,/content/drive/MyDrive/Base Model Farsi/Output Texts/تثبیت لیگامان ساکرواسپاینوس  .txt
/content/drive/MyDrive/Base Model Farsi/Documents/medical guidelines/استانداردها/بازتوانی قلبی خارج از بخش بستری سال 99,بازتوانی قلبی  فاز سرپایی .pdf,PyPDF2 (no OCR),0.7599,0.0,0.7599,/content/drive/MyDrive/Base Model Farsi/Output Texts/بازتوانی قلبی  فاز سرپایی .txt
/content/drive/MyDrive/Base Model Farsi/Documents/medical guidelines/استانداردها/پروستاتکتومی سوپراپوبیک یا رتروپوبیک,پروستاتکتومی سوپراپوبیک یا رتروپوبیک.pdf,PyPDF2 (no OCR),0.7875,0.0,0.7875,/content/drive/MyDrive/Base Model Farsi/Output Texts/پروستاتکتومی سوپراپوبیک یا رتروپوبیک.txt
/content/drive/MyDrive/Base Model Farsi/Documents/medical guidelines/استانداردها/گرمازدگی,گرمازدگی.pdf,PyPDF2 (no OCR),0.7872,0.0,0.7872,/content/drive/MyDrive/Base Model Farsi/Output Texts/گرمازدگی.txt
/content/drive/MyDrive/Base Model Farsi/Documents/medical guidelines/استانداردها/گرمازدگی,فایل گرمازدگی.pdf,PyPDF2 (no OCR),0.7854,0.0,0.7854,/content/drive/MyDrive/Base Model Farsi/Output Texts/فایل گرمازدگی.txt
/content/drive/MyDrive/Base Model Farsi/Documents/medical guidelines/استانداردها/دیابت,دیابت..pdf,PyPDF2 (no OCR),0.7893,0.0,0.7893,/content/drive/MyDrive/Base Model Farsi/Output Texts/دیابت..txt
/content/drive/MyDrive/Base Model Farsi/Documents/medical guidelines/استانداردها/دیابت,نامه ابلاغ.pdf,Skipped,0,0,0,/content/drive/MyDrive/Base Model Farsi/Output Texts/نامه ابلاغ.txt
/content/drive/MyDrive/Base Model Farsi/Documents/medical guidelines/استانداردها/اورترولیتوتومی,اورترولیتوتومی.pdf,PyPDF2 (no OCR),0.779,0.0,0.779,/content/drive/MyDrive/Base Model Farsi/Output Texts/اورترولیتوتومی.txt
/content/drive/MyDrive/Base Model Farsi/Documents/medical guidelines/استانداردها/پیوند لوزالمعده (پانکراس),نامه ابلاغ پیوند لوزالمعده (پانکراس).pdf,"PyPDF2 (better, OCR worse)",0.5223,0.5059,0.5223,/content/drive/MyDrive/Base Model Farsi/Output Texts/نامه ابلاغ پیوند لوزالمعده (پانکراس).txt
/content/drive/MyDrive/Base Model Farsi/Documents/medical guidelines/استانداردها/پیوند لوزالمعده (پانکراس),10 تیر.pdf,PyPDF2 (no OCR),0.7873,0.0,0.7873,/content/drive/MyDrive/Base Model Farsi/Output Texts/10 تیر.txt
/content/drive/MyDrive/Base Model Farsi/Documents/medical guidelines/استانداردها/CHF,CHF.pdf,PyPDF2 (no OCR),0.7671,0.0,0.7671,/content/drive/MyDrive/Base Model Farsi/Output Texts/CHF.txt
/content/drive/MyDrive/Base Model Farsi/Documents/medical guidelines/استانداردها/شناسنامه و استاندارد خدمت درمان با اکسیژن هایپربار در زخم پای دیابتی_1,شناسنامه و استاندارد خدمت درمان با اکسیژن هایپربار در زخم پای دیابتی.pdf,PyPDF2 (no OCR),0.7894,0.0,0.7894,/content/drive/MyDrive/Base Model Farsi/Output Texts/شناسنامه و استاندارد خدمت درمان با اکسیژن هایپربار در زخم پای دیابتی.txt
/content/drive/MyDrive/Base Model Farsi/Documents/medical guidelines/استانداردها/New folder,809062-Assisted embryo  hatching.pdf,PyPDF2 (no OCR),0.7912,0.0,0.7912,/content/drive/MyDrive/Base Model Farsi/Output Texts/809062-Assisted embryo  hatching.txt
/content/drive/MyDrive/Base Model Farsi/Documents/medical guidelines/استانداردها/New folder,89255-Preparation of embryo for   transfer.pdf,PyPDF2 (no OCR),0.7911,0.0,0.7911,/content/drive/MyDrive/Base Model Farsi/Output Texts/89255-Preparation of embryo for   transfer.txt
/content/drive/MyDrive/Base Model Farsi/Documents/medical guidelines/استانداردها/New folder,"804400_Semen analysis_ macroscopic,    and microscopic, differential and staining.pdf",PyPDF2 (no OCR),0.7894,0.0,0.7894,"/content/drive/MyDrive/Base Model Farsi/Output Texts/804400_Semen analysis_ macroscopic,    and microscopic, differential and staining.txt"
/content/drive/MyDrive/Base Model Farsi/Documents/medical guidelines/استانداردها/New folder,89254-Oocytes identification from  follicular fluid.pdf,PyPDF2 (no OCR),0.7938,0.0,0.7938,/content/drive/MyDrive/Base Model Farsi/Output Texts/89254-Oocytes identification from  follicular fluid.txt
/content/drive/MyDrive/Base Model Farsi/Documents/medical guidelines/استانداردها/New folder,809025-NEW.pdf,PyPDF2 (no OCR),0.7968,0.0,0.7968,/content/drive/MyDrive/Base Model Farsi/Output Texts/809025-NEW.txt
/content/drive/MyDrive/Base Model Farsi/Documents/medical guidelines/استانداردها/New folder,809120-Thawing of cryopreserved  tissue.pdf,PyPDF2 (no OCR),0.7918,0.0,0.7918,/content/drive/MyDrive/Base Model Farsi/Output Texts/809120-Thawing of cryopreserved  tissue.txt
/content/drive/MyDrive/Base Model Farsi/Documents/medical guidelines/استانداردها/New folder,809110-Thawing of cryopreserved  sperm.pdf,PyPDF2 (no OCR),0.7915,0.0,0.7915,/content/drive/MyDrive/Base Model Farsi/Output Texts/809110-Thawing of cryopreserved  sperm.txt
/content/drive/MyDrive/Base Model Farsi/Documents/medical guidelines/استانداردها/New folder,809105-Thawing of cryopreserved  embryo slow Method.pdf,PyPDF2 (no OCR),0.7855,0.0,0.7855,/content/drive/MyDrive/Base Model Farsi/Output Texts/809105-Thawing of cryopreserved  embryo slow Method.txt
/content/drive/MyDrive/Base Model Farsi/Documents/medical guidelines/استانداردها/New folder,"809060-culture of  oocyte(s)embryo(s), less than 4 days.pdf",PyPDF2 (no OCR),0.7916,0.0,0.7916,"/content/drive/MyDrive/Base Model Farsi/Output Texts/809060-culture of  oocyte(s)embryo(s), less than 4 days.txt"
/content/drive/MyDrive/Base Model Farsi/Documents/medical guidelines/استانداردها/New folder,809085-Storage embryo.pdf,PyPDF2 (no OCR),0.7923,0.0,0.7923,/content/drive/MyDrive/Base Model Farsi/Output Texts/809085-Storage embryo.txt
/content/drive/MyDrive/Base Model Farsi/Documents/medical guidelines/استانداردها/New folder,نامه ابلاغ 1.pdf,"PyPDF2 (better, OCR worse)",0.5342,0.5177,0.5342,/content/drive/MyDrive/Base Model Farsi/Output Texts/نامه ابلاغ 1.txt
/content/drive/MyDrive/Base Model Farsi/Documents/medical guidelines/استانداردها/New folder,نامه ابلاغ 2.pdf,"PyPDF2 (better, OCR worse)",0.5319,0.5166,0.5319,/content/drive/MyDrive/Base Model Farsi/Output Texts/نامه ابلاغ 2.txt
/content/drive/MyDrive/Base Model Farsi/Documents/medical guidelines/استانداردها/New folder,نامه.pdf,Skipped,0,0,0,/content/drive/MyDrive/Base Model Farsi/Output Texts/نامه.txt
/content/drive/MyDrive/Base Model Farsi/Documents/medical guidelines/استانداردها/هیسترکتومی واژینال,هیسترکتومی واژینال.pdf,OCR (better),0.2005,0.7514,0.7514,/content/drive/MyDrive/Base Model Farsi/Output Texts/هیسترکتومی واژینال.txt
/content/drive/MyDrive/Base Model Farsi/Documents/medical guidelines/استانداردها/New folder,"502060,puncture  1400.pdf",OCR (better),0.5494,0.7789,0.7789,"/content/drive/MyDrive/Base Model Farsi/Output Texts/502060,puncture  1400.txt"
/content/drive/MyDrive/Base Model Farsi/Documents/medical guidelines/استانداردها/New folder,"502068,iui 1400.pdf",OCR (better),0.3329,0.7682,0.7682,"/content/drive/MyDrive/Base Model Farsi/Output Texts/502068,iui 1400.txt"
/content/drive/MyDrive/Base Model Farsi/Documents/medical guidelines/استانداردها/New folder,809130-verification method for cryopreservation of ovary tissue.pdf,PyPDF2 (no OCR),0.6685,0.0,0.6685,/content/drive/MyDrive/Base Model Farsi/Output Texts/809130-verification method for cryopreservation of ovary tissue.txt
/content/drive/MyDrive/Base Model Farsi/Documents/medical guidelines/استانداردها/New folder,"502067,ivf 1400.pdf",OCR (better),0.5256,0.7755,0.7755,"/content/drive/MyDrive/Base Model Farsi/Output Texts/502067,ivf 1400.txt"
/content/drive/MyDrive/Base Model Farsi/Documents/medical guidelines/استانداردها/New folder,809045-sperm isolation swim up.pdf,PyPDF2 (no OCR),0.79,0.0,0.79,/content/drive/MyDrive/Base Model Farsi/Output Texts/809045-sperm isolation swim up.txt
/content/drive/MyDrive/Base Model Farsi/Documents/medical guidelines/استانداردها/New folder,809055-sperm processing from testis  tissue fresh or freeze.pdf,PyPDF2 (no OCR),0.7912,0.0,0.7912,/content/drive/MyDrive/Base Model Farsi/Output Texts/809055-sperm processing from testis  tissue fresh or freeze.txt
/content/drive/MyDrive/Base Model Farsi/Documents/medical guidelines/استانداردها/New folder,809040-slow sperm freezing 10  straw.pdf,PyPDF2 (no OCR),0.7879,0.0,0.7879,/content/drive/MyDrive/Base Model Farsi/Output Texts/809040-slow sperm freezing 10  straw.txt
/content/drive/MyDrive/Base Model Farsi/Documents/medical guidelines/استانداردها/New folder,809050-Complex prep (e.g. gradient)  for insemination.pdf,PyPDF2 (no OCR),0.7879,0.0,0.7879,/content/drive/MyDrive/Base Model Farsi/Output Texts/809050-Complex prep (e.g. gradient)  for insemination.txt
/content/drive/MyDrive/Base Model Farsi/Documents/medical guidelines/استانداردها/New folder,نامه6.pdf,"PyPDF2 (better, OCR worse)",0.5331,0.5017,0.5331,/content/drive/MyDrive/Base Model Farsi/Output Texts/نامه6.txt
/content/drive/MyDrive/Base Model Farsi/Documents/medical guidelines/استانداردها/New folder,نامه ابلاغ 5.pdf,"PyPDF2 (better, OCR worse)",0.5344,0.5023,0.5344,/content/drive/MyDrive/Base Model Farsi/Output Texts/نامه ابلاغ 5.txt
/content/drive/MyDrive/Base Model Farsi/Documents/medical guidelines/استانداردها/کاریو تایپ به تفکیک ویراست_1,کاریو تایپ به تفکیک ویراست .pdf,PyPDF2 (no OCR),0.7993,0.0,0.7993,/content/drive/MyDrive/Base Model Farsi/Output Texts/کاریو تایپ به تفکیک ویراست .txt
/content/drive/MyDrive/Base Model Farsi/Documents/medical guidelines/استانداردها/New folder,809030-cryopreservation embryo slow  method.pdf,OCR (better),0.2887,0.7625,0.7625,/content/drive/MyDrive/Base Model Farsi/Output Texts/809030-cryopreservation embryo slow  method.txt
/content/drive/MyDrive/Base Model Farsi/Documents/medical guidelines/استانداردها/SVF,SVF.pdf,PyPDF2 (no OCR),0.664,0.0,0.664,/content/drive/MyDrive/Base Model Farsi/Output Texts/SVF.txt
/content/drive/MyDrive/Base Model Farsi/Documents/medical guidelines/استانداردها/جراحی چاقی ومتابولیک (2),جراحی چاقی ومتابولیک (2).pdf,PyPDF2 (no OCR),0.7915,0.0,0.7915,/content/drive/MyDrive/Base Model Farsi/Output Texts/جراحی چاقی ومتابولیک (2).txt
/content/drive/MyDrive/Base Model Farsi/Documents/medical guidelines/استانداردها/NT_1,NT.pdf,OCR (better),0.1728,0.5604,0.5604,/content/drive/MyDrive/Base Model Farsi/Output Texts/NT.txt
/content/drive/MyDrive/Base Model Farsi/Documents/medical guidelines/استانداردها/Hyperthyrodism,Hyperthyrodism.pdf,OCR (better),0.4099,0.7746,0.7746,/content/drive/MyDrive/Base Model Farsi/Output Texts/Hyperthyrodism.txt
/content/drive/MyDrive/Base Model Farsi/Documents/medical guidelines/استانداردها/درمان های مداوم جایگزین کلیه,نامه ابلاغ.pdf,Skipped,0,0,0,/content/drive/MyDrive/Base Model Farsi/Output Texts/نامه ابلاغ.txt
/content/drive/MyDrive/Base Model Farsi/Documents/medical guidelines/استانداردها/درمان های مداوم جایگزین کلیه,درمان های مداوم جایگزین کلیه (CRRT).pdf,PyPDF2 (no OCR),0.7816,0.0,0.7816,/content/drive/MyDrive/Base Model Farsi/Output Texts/درمان های مداوم جایگزین کلیه (CRRT).txt
/content/drive/MyDrive/Base Model Farsi/Documents/medical guidelines/استانداردها/درمان دردهای ناشی از متاستازهای استخوانی با چشمه باز رادیو اکتیو تابش کننده بتا,درمان دردهای ناشی از متاستازهای استخوانی با چشمه باز رادیو اکتیو تابش کننده بتا.pdf,OCR (better),0.2943,0.7495,0.7495,/content/drive/MyDrive/Base Model Farsi/Output Texts/درمان دردهای ناشی از متاستازهای استخوانی با چشمه باز رادیو اکتیو تابش کننده بتا.txt
/content/drive/MyDrive/Base Model Farsi/Documents/medical guidelines/استانداردها/رایحه,نامه رایحه درمانی.pdf,PyPDF2 (no OCR),0.7872,0.0,0.7872,/content/drive/MyDrive/Base Model Farsi/Output Texts/نامه رایحه درمانی.txt
/content/drive/MyDrive/Base Model Farsi/Documents/medical guidelines/استانداردها/رایحه,رایحه درمانی.pdf,PyPDF2 (no OCR),0.7648,0.0,0.7648,/content/drive/MyDrive/Base Model Farsi/Output Texts/رایحه درمانی.txt
/content/drive/MyDrive/Base Model Farsi/Documents/medical guidelines/استانداردها/مدیریت درد (1),نامه ابلاغ مدیریت درد.pdf,PyPDF2 (no OCR),0.7847,0.0,0.7847,/content/drive/MyDrive/Base Model Farsi/Output Texts/نامه ابلاغ مدیریت درد.txt
/content/drive/MyDrive/Base Model Farsi/Documents/medical guidelines/استانداردها/مدیریت درد (1),فایل مدیریت درد.pdf,PyPDF2 (no OCR),0.7711,0.0,0.7711,/content/drive/MyDrive/Base Model Farsi/Output Texts/فایل مدیریت درد.txt
/content/drive/MyDrive/Base Model Farsi/Documents/medical guidelines/استانداردها/aneuploidy,aneuploidy.pdf,PyPDF2 (no OCR),0.74,0.0,0.74,/content/drive/MyDrive/Base Model Farsi/Output Texts/aneuploidy.txt
/content/drive/MyDrive/Base Model Farsi/Documents/medical guidelines/استانداردها/پیوند کلیه,پیوند کلیه.pdf,PyPDF2 (no OCR),0.7873,0.0,0.7873,/content/drive/MyDrive/Base Model Farsi/Output Texts/پیوند کلیه.txt
/content/drive/MyDrive/Base Model Farsi/Documents/medical guidelines/استانداردها/پیوند کلیه,نهایی کلیه کودکان.pdf,PyPDF2 (no OCR),0.7871,0.0,0.7871,/content/drive/MyDrive/Base Model Farsi/Output Texts/نهایی کلیه کودکان.txt
/content/drive/MyDrive/Base Model Farsi/Documents/medical guidelines/استانداردها/پولمونر,پولمونر.pdf,OCR (better),0.1397,0.658,0.658,/content/drive/MyDrive/Base Model Farsi/Output Texts/پولمونر.txt
/content/drive/MyDrive/Base Model Farsi/Documents/medical guidelines/استانداردها/حسایت زدایی,حساسیت زدایی در بیماران پیوند کلیه.pdf,PyPDF2 (no OCR),0.7872,0.0,0.7872,/content/drive/MyDrive/Base Model Farsi/Output Texts/حساسیت زدایی در بیماران پیوند کلیه.txt
/content/drive/MyDrive/Base Model Farsi/Documents/medical guidelines/استانداردها/فراوری سلول,فرآوری سلول.pdf,OCR (better),0.4852,0.7441,0.7441,/content/drive/MyDrive/Base Model Farsi/Output Texts/فرآوری سلول.txt
/content/drive/MyDrive/Base Model Farsi/Documents/medical guidelines/استانداردها/مراقبت بحرانی,مراقبت بحرانی .pdf,PyPDF2 (no OCR),0.7914,0.0,0.7914,/content/drive/MyDrive/Base Model Farsi/Output Texts/مراقبت بحرانی .txt
/content/drive/MyDrive/Base Model Farsi/Documents/medical guidelines/استانداردها/حسایت زدایی,-  جهت ابلاغ فرم استاندارد خدمت حساسیت زدایی14010723.pdf,"PyPDF2 (better, OCR worse)",0.5853,0.5432,0.5853,/content/drive/MyDrive/Base Model Farsi/Output Texts/-  جهت ابلاغ فرم استاندارد خدمت حساسیت زدایی14010723.txt
/content/drive/MyDrive/Base Model Farsi/Documents/medical guidelines/استانداردها/تست متاکولین,تست متاکولین.pdf,OCR (better),0.0,0.5712,0.5712,/content/drive/MyDrive/Base Model Farsi/Output Texts/تست متاکولین.txt
/content/drive/MyDrive/Base Model Farsi/Documents/medical guidelines/استانداردها/آئورت,آئورت.pdf,OCR (better),0.0,0.7452,0.7452,/content/drive/MyDrive/Base Model Farsi/Output Texts/آئورت.txt
/content/drive/MyDrive/Base Model Farsi/Documents/medical guidelines/استانداردها/استاندارد خدمات پزشکی هسته ایی,Thyroid cancer-Finalized.pdf,OCR (better),0.4645,0.7686,0.7686,/content/drive/MyDrive/Base Model Farsi/Output Texts/Thyroid cancer-Finalized.txt
/content/drive/MyDrive/Base Model Farsi/Documents/medical guidelines/استانداردها/ارزیابی و برنامه ریزی برای فیزیوتراپی بیمار به ازای هر دوره فیزیوتراپی,ارزیابی فیزیوتراپی بیمار.pdf,OCR (better),0.5629,0.7656,0.7656,/content/drive/MyDrive/Base Model Farsi/Output Texts/ارزیابی فیزیوتراپی بیمار.txt
/content/drive/MyDrive/Base Model Farsi/Documents/medical guidelines/استانداردها/استاندارد خدمات پزشکی هسته ایی,Radioiodine Treatment of Hyperthyrodism-FINALIZED.pdf,OCR (better),0.4098,0.7685,0.7685,/content/drive/MyDrive/Base Model Farsi/Output Texts/Radioiodine Treatment of Hyperthyrodism-FINALIZED.txt
/content/drive/MyDrive/Base Model Farsi/Documents/medical guidelines/استانداردها/استاندارد خدمات پزشکی هسته ایی,Radiopharmaceutical therapy Code 705045.pdf,OCR (better),0.4331,0.7665,0.7665,/content/drive/MyDrive/Base Model Farsi/Output Texts/Radiopharmaceutical therapy Code 705045.txt
/content/drive/MyDrive/Base Model Farsi/Documents/medical guidelines/استانداردها/استاندارد خدمات پزشکی هسته ایی,SOP Whole body iodine scan 704610.pdf,OCR (better),0.533,0.7693,0.7693,/content/drive/MyDrive/Base Model Farsi/Output Texts/SOP Whole body iodine scan 704610.txt
/content/drive/MyDrive/Base Model Farsi/Documents/medical guidelines/استانداردها/استاندارد خدمات پزشکی هسته ایی,SOP single-phase MPI - code 704665.pdf,OCR (better),0.0,0.7717,0.7717,/content/drive/MyDrive/Base Model Farsi/Output Texts/SOP single-phase MPI - code 704665.txt
/content/drive/MyDrive/Base Model Farsi/Documents/medical guidelines/استانداردها/استاندارد خدمات پزشکی هسته ایی,SOP Gated MPI - code 704675.pdf,OCR (better),0.0,0.7704,0.7704,/content/drive/MyDrive/Base Model Farsi/Output Texts/SOP Gated MPI - code 704675.txt
/content/drive/MyDrive/Base Model Farsi/Documents/medical guidelines/استانداردها/استاندارد خدمات پزشکی هسته ایی,پزشکی هسته ایی.pdf,"PyPDF2 (better, OCR worse)",0.5177,0.4994,0.5177,/content/drive/MyDrive/Base Model Farsi/Output Texts/پزشکی هسته ایی.txt
/content/drive/MyDrive/Base Model Farsi/Documents/medical guidelines/استانداردها/کالر داپلر,کالر داپلر.pdf,OCR (better),0.1737,0.6036,0.6036,/content/drive/MyDrive/Base Model Farsi/Output Texts/کالر داپلر.txt
/content/drive/MyDrive/Base Model Farsi/Documents/medical guidelines/استانداردها/HFE,HFE.pdf,PyPDF2 (no OCR),0.7082,0.0,0.7082,/content/drive/MyDrive/Base Model Farsi/Output Texts/HFE.txt
/content/drive/MyDrive/Base Model Farsi/Documents/medical guidelines/استانداردها/بررسی رشد غیر داپلر_1,بررسی رشد غیر داپلر   iugr.pdf,OCR (better),0.0,0.592,0.592,/content/drive/MyDrive/Base Model Farsi/Output Texts/بررسی رشد غیر داپلر   iugr.txt
/content/drive/MyDrive/Base Model Farsi/Documents/medical guidelines/استانداردها/لفورت,لفورت.pdf,PyPDF2 (no OCR),0.783,0.0,0.783,/content/drive/MyDrive/Base Model Farsi/Output Texts/لفورت.txt
/content/drive/MyDrive/Base Model Farsi/Documents/medical guidelines/استانداردها/pet-ct,نامه ابلاغ.pdf,Skipped,0,0,0,/content/drive/MyDrive/Base Model Farsi/Output Texts/نامه ابلاغ.txt
/content/drive/MyDrive/Base Model Farsi/Documents/medical guidelines/استانداردها/pet-ct,(اصلاحی)1 آذر.pdf,PyPDF2 (no OCR),0.7894,0.0,0.7894,/content/drive/MyDrive/Base Model Farsi/Output Texts/(اصلاحی)1 آذر.txt
/content/drive/MyDrive/Base Model Farsi/Documents/medical guidelines/استانداردها/شناسنامه و استاندارد خدمت درمان آمبولی گازی با اکسیژن پرفشار_1,شناسنامه و استاندارد خدمت درمان آمبولی گازی با اکسیژن پرفشار.pdf,PyPDF2 (no OCR),0.7894,0.0,0.7894,/content/drive/MyDrive/Base Model Farsi/Output Texts/شناسنامه و استاندارد خدمت درمان آمبولی گازی با اکسیژن پرفشار.txt
/content/drive/MyDrive/Base Model Farsi/Documents/medical guidelines/استانداردها/AZF 18 Dey 98,AZF 18 Dey 98.pdf,PyPDF2 (no OCR),0.6941,0.0,0.6941,/content/drive/MyDrive/Base Model Farsi/Output Texts/AZF 18 Dey 98.txt
/content/drive/MyDrive/Base Model Farsi/Documents/medical guidelines/استانداردها/نفرکتومی,نفركتومی .pdf,PyPDF2 (no OCR),0.7879,0.0,0.7879,/content/drive/MyDrive/Base Model Farsi/Output Texts/نفركتومی .txt
/content/drive/MyDrive/Base Model Farsi/Documents/medical guidelines/استانداردها/استاندارد خدمات پزشکی هسته ایی,SOP MPI- code 704670 .pdf,OCR (better),0.0,0.7716,0.7716,/content/drive/MyDrive/Base Model Farsi/Output Texts/SOP MPI- code 704670 .txt
/content/drive/MyDrive/Base Model Farsi/Documents/medical guidelines/استانداردها/لیتو تریپسی,نامه لیتو تریپسی.pdf,PyPDF2 (no OCR),0.7873,0.0,0.7873,/content/drive/MyDrive/Base Model Farsi/Output Texts/نامه لیتو تریپسی.txt
/content/drive/MyDrive/Base Model Farsi/Documents/medical guidelines/استانداردها/لیتو تریپسی,سنگ شکن.pdf,PyPDF2 (no OCR),0.6234,0.0,0.6234,/content/drive/MyDrive/Base Model Farsi/Output Texts/سنگ شکن.txt
/content/drive/MyDrive/Base Model Farsi/Documents/medical guidelines/استانداردها/کولونوسکوپی نسخه سوم,کولونوسکوپی.pdf,PyPDF2 (no OCR),0.7872,0.0,0.7872,/content/drive/MyDrive/Base Model Farsi/Output Texts/کولونوسکوپی.txt
/content/drive/MyDrive/Base Model Farsi/Documents/medical guidelines/استانداردها/کولونوسکوپی نسخه سوم,کولونوسکوپی نسخه سوم.pdf,PyPDF2 (no OCR),0.6709,0.0,0.6709,/content/drive/MyDrive/Base Model Farsi/Output Texts/کولونوسکوپی نسخه سوم.txt
/content/drive/MyDrive/Base Model Farsi/Documents/medical guidelines/استانداردها/Haemophilia A,Haemophilia A.pdf,PyPDF2 (no OCR),0.7958,0.0,0.7958,/content/drive/MyDrive/Base Model Farsi/Output Texts/Haemophilia A.txt
/content/drive/MyDrive/Base Model Farsi/Documents/medical guidelines/استانداردها/استانداردهای سرطان در کودکان,3نامه تغذیه.pdf,PyPDF2 (no OCR),0.7848,0.0,0.7848,/content/drive/MyDrive/Base Model Farsi/Output Texts/3نامه تغذیه.txt
/content/drive/MyDrive/Base Model Farsi/Documents/medical guidelines/استانداردها/استانداردهای سرطان در کودکان,kidney-children. 1400.5.24.pdf,PyPDF2 (no OCR),0.7909,0.0,0.7909,/content/drive/MyDrive/Base Model Farsi/Output Texts/kidney-children. 1400.5.24.txt
/content/drive/MyDrive/Base Model Farsi/Documents/medical guidelines/استانداردها/آمنیو سنتز-,استاندارد آمنیوسنتز.pdf,OCR (better),0.0183,0.6125,0.6125,/content/drive/MyDrive/Base Model Farsi/Output Texts/استاندارد آمنیوسنتز.txt
/content/drive/MyDrive/Base Model Farsi/Documents/medical guidelines/استانداردها/استانداردهای سرطان در کودکان,تغذیه در سرطان کودکان.pdf,PyPDF2 (no OCR),0.7906,0.0,0.7906,/content/drive/MyDrive/Base Model Farsi/Output Texts/تغذیه در سرطان کودکان.txt
/content/drive/MyDrive/Base Model Farsi/Documents/medical guidelines/استانداردها/MPS,استاندارد خدمت تیپ 2 - 1400.pdf,PyPDF2 (no OCR),0.6762,0.0,0.6762,/content/drive/MyDrive/Base Model Farsi/Output Texts/استاندارد خدمت تیپ 2 - 1400.txt
/content/drive/MyDrive/Base Model Farsi/Documents/medical guidelines/استانداردها/برونکوسکوپی تشخیصی,برونکوسکوپی تشخیصی.pdf,OCR (better),0.0903,0.5802,0.5802,/content/drive/MyDrive/Base Model Farsi/Output Texts/برونکوسکوپی تشخیصی.txt
/content/drive/MyDrive/Base Model Farsi/Documents/medical guidelines/استانداردها/MPS,استاندارد خدمت تیپ1 - 1400.pdf,OCR (better),0.4818,0.7605,0.7605,/content/drive/MyDrive/Base Model Farsi/Output Texts/استاندارد خدمت تیپ1 - 1400.txt
/content/drive/MyDrive/Base Model Farsi/Documents/medical guidelines/استانداردها/MPS,استاندارد خدمت تیپ 6 - 1400.pdf,OCR (better),0.3135,0.7488,0.7488,/content/drive/MyDrive/Base Model Farsi/Output Texts/استاندارد خدمت تیپ 6 - 1400.txt
/content/drive/MyDrive/Base Model Farsi/Documents/medical guidelines/استانداردها/MPS,MPSنامه.pdf,PyPDF2 (no OCR),0.7855,0.0,0.7855,/content/drive/MyDrive/Base Model Farsi/Output Texts/MPSنامه.txt
/content/drive/MyDrive/Base Model Farsi/Documents/medical guidelines/استانداردها/فیزیو,استاندارد شاک ویو تراپی.pdf,PyPDF2 (no OCR),0.7372,0.0,0.7372,/content/drive/MyDrive/Base Model Farsi/Output Texts/استاندارد شاک ویو تراپی.txt
/content/drive/MyDrive/Base Model Farsi/Documents/medical guidelines/استانداردها/فیزیو,استاندارد سازی لیزر (Repaired).pdf,PyPDF2 (no OCR),0.7262,0.0,0.7262,/content/drive/MyDrive/Base Model Farsi/Output Texts/استاندارد سازی لیزر (Repaired).txt
/content/drive/MyDrive/Base Model Farsi/Documents/medical guidelines/استانداردها/فیزیو,آبدرمانی.pdf,PyPDF2 (no OCR),0.7493,0.0,0.7493,/content/drive/MyDrive/Base Model Farsi/Output Texts/آبدرمانی.txt
/content/drive/MyDrive/Base Model Farsi/Documents/medical guidelines/استانداردها/فیزیو,شناسنامه مگنت تراپی.pdf,PyPDF2 (no OCR),0.724,0.0,0.724,/content/drive/MyDrive/Base Model Farsi/Output Texts/شناسنامه مگنت تراپی.txt
/content/drive/MyDrive/Base Model Farsi/Documents/medical guidelines/استانداردها/فیزیو,فیزیوتراپی قفسه سينه با يا بدون مدالیتي بیماران بستری.pdf,PyPDF2 (no OCR),0.7619,0.0,0.7619,/content/drive/MyDrive/Base Model Farsi/Output Texts/فیزیوتراپی قفسه سينه با يا بدون مدالیتي بیماران بستری.txt
/content/drive/MyDrive/Base Model Farsi/Documents/medical guidelines/استانداردها/فیزیو,فیزیوتراپی یک یا چند ناحیه بیماران بستری.pdf,PyPDF2 (no OCR),0.7496,0.0,0.7496,/content/drive/MyDrive/Base Model Farsi/Output Texts/فیزیوتراپی یک یا چند ناحیه بیماران بستری.txt
/content/drive/MyDrive/Base Model Farsi/Documents/medical guidelines/استانداردها/سلیاک,سلیاک.pdf,Skipped,0,0,0,/content/drive/MyDrive/Base Model Farsi/Output Texts/سلیاک.txt
/content/drive/MyDrive/Base Model Farsi/Documents/medical guidelines/استانداردها/سلیاک,نامه ابلاغ.pdf,Skipped,0,0,0,/content/drive/MyDrive/Base Model Farsi/Output Texts/نامه ابلاغ.txt
/content/drive/MyDrive/Base Model Farsi/Documents/medical guidelines/استانداردها/شناسنامه_و_استاندارد_خدمت_درمان مسمومیت با مونوکسید کربن,شناسنامه_و_استاندارد_خدمت_درمان مسمومیت با مونوکسید کربن.pdf,PyPDF2 (no OCR),0.7876,0.0,0.7876,/content/drive/MyDrive/Base Model Farsi/Output Texts/شناسنامه_و_استاندارد_خدمت_درمان مسمومیت با مونوکسید کربن.txt
/content/drive/MyDrive/Base Model Farsi/Documents/medical guidelines/استانداردها/هیسترکتومی ابدومینال,نامه نسخه دوم زنان.pdf,PyPDF2 (no OCR),0.785,0.0,0.785,/content/drive/MyDrive/Base Model Farsi/Output Texts/نامه نسخه دوم زنان.txt
/content/drive/MyDrive/Base Model Farsi/Documents/medical guidelines/استانداردها/MPS,استاندارد خدمت تیپ 4- 1400.pdf,OCR (better),0.4483,0.6616,0.6616,/content/drive/MyDrive/Base Model Farsi/Output Texts/استاندارد خدمت تیپ 4- 1400.txt
/content/drive/MyDrive/Base Model Farsi/Documents/medical guidelines/استانداردها/SMA,SMA .pdf,PyPDF2 (no OCR),0.7775,0.0,0.7775,/content/drive/MyDrive/Base Model Farsi/Output Texts/SMA .txt
/content/drive/MyDrive/Base Model Farsi/Documents/medical guidelines/استانداردها/RTMS,استاندارد تحریک مغناطیسی مغزی فراجمجمه‌ای مکرر (آر تی ام اس) در روان‌پزشکی 1399.pdf,PyPDF2 (no OCR),0.793,0.0,0.793,/content/drive/MyDrive/Base Model Farsi/Output Texts/استاندارد تحریک مغناطیسی مغزی فراجمجمه‌ای مکرر (آر تی ام اس) در روان‌پزشکی 1399.txt
/content/drive/MyDrive/Base Model Farsi/Documents/medical guidelines/استانداردها/سیستکتومی_2,نامه ابلاغ.pdf,Skipped,0,0,0,/content/drive/MyDrive/Base Model Farsi/Output Texts/نامه ابلاغ.txt
/content/drive/MyDrive/Base Model Farsi/Documents/medical guidelines/استانداردها/سیستکتومی_2,1 (اصلاحی) آذر.pdf,PyPDF2 (no OCR),0.7903,0.0,0.7903,/content/drive/MyDrive/Base Model Farsi/Output Texts/1 (اصلاحی) آذر.txt
/content/drive/MyDrive/Base Model Farsi/Documents/medical guidelines/استانداردها/استاندارد پیوند کلیه,نامه ابلاغ.pdf,Skipped,0,0,0,/content/drive/MyDrive/Base Model Farsi/Output Texts/نامه ابلاغ.txt
/content/drive/MyDrive/Base Model Farsi/Documents/medical guidelines/استانداردها/استاندارد پیوند کلیه,استاندارد پیوند کلیه.pdf,PyPDF2 (no OCR),0.7893,0.0,0.7893,/content/drive/MyDrive/Base Model Farsi/Output Texts/استاندارد پیوند کلیه.txt
/content/drive/MyDrive/Base Model Farsi/Documents/medical guidelines/استانداردها/اسپیرومتری ساده,اسپیرومتری ساده.pdf,OCR (better),0.0,0.5841,0.5841,/content/drive/MyDrive/Base Model Farsi/Output Texts/اسپیرومتری ساده.txt
/content/drive/MyDrive/Base Model Farsi/Documents/medical guidelines/استانداردها/اسپیرومتری ساده,برونکوسکوپی با برونکوآلوئولار لاواژ.pdf,OCR (better),0.0,0.5878,0.5878,/content/drive/MyDrive/Base Model Farsi/Output Texts/برونکوسکوپی با برونکوآلوئولار لاواژ.txt
/content/drive/MyDrive/Base Model Farsi/Documents/medical guidelines/استانداردها/درمان دستی (1),درمان دستی.pdf,PyPDF2 (no OCR),0.7872,0.0,0.7872,/content/drive/MyDrive/Base Model Farsi/Output Texts/درمان دستی.txt
/content/drive/MyDrive/Base Model Farsi/Documents/medical guidelines/استانداردها/درمان دستی (1),مانیپولاسیون.pdf,PyPDF2 (no OCR),0.7043,0.0,0.7043,/content/drive/MyDrive/Base Model Farsi/Output Texts/مانیپولاسیون.txt
/content/drive/MyDrive/Base Model Farsi/Documents/medical guidelines/استانداردها/مشاوره تغذیه جلسه اول,مشاوره تغذیه جلسه اول.pdf,PyPDF2 (no OCR),0.7872,0.0,0.7872,/content/drive/MyDrive/Base Model Farsi/Output Texts/مشاوره تغذیه جلسه اول.txt
/content/drive/MyDrive/Base Model Farsi/Documents/medical guidelines/استانداردها/برونکوسکوپی از طریق لوله تراشه,برونکوسکوپی از طریق لوله تراشه.pdf,OCR (better),0.2164,0.572,0.572,/content/drive/MyDrive/Base Model Farsi/Output Texts/برونکوسکوپی از طریق لوله تراشه.txt
/content/drive/MyDrive/Base Model Farsi/Documents/medical guidelines/استانداردها/ازوفاگوسکوپی سخت,نامه ابلاغ.pdf,Skipped,0,0,0,/content/drive/MyDrive/Base Model Farsi/Output Texts/نامه ابلاغ.txt
/content/drive/MyDrive/Base Model Farsi/Documents/medical guidelines/استانداردها/ازوفاگوسکوپی سخت,(اصلاحی)4 آذر.pdf,PyPDF2 (no OCR),0.6264,0.0,0.6264,/content/drive/MyDrive/Base Model Farsi/Output Texts/(اصلاحی)4 آذر.txt
/content/drive/MyDrive/Base Model Farsi/Documents/medical guidelines/استانداردها/استاندارد TDI,نامه ابلاغ TDI.pdf,"PyPDF2 (better, OCR worse)",0.5283,0.5131,0.5283,/content/drive/MyDrive/Base Model Farsi/Output Texts/نامه ابلاغ TDI.txt
/content/drive/MyDrive/Base Model Farsi/Documents/medical guidelines/استانداردها/استاندارد TDI,TDI.pdf,PyPDF2 (no OCR),0.7972,0.0,0.7972,/content/drive/MyDrive/Base Model Farsi/Output Texts/TDI.txt
/content/drive/MyDrive/Base Model Farsi/Documents/medical guidelines/استانداردها/اندام فوقانی و تحتانی,اندام فوقانی و تحتانی.pdf,OCR (better),0.2719,0.6778,0.6778,/content/drive/MyDrive/Base Model Farsi/Output Texts/اندام فوقانی و تحتانی.txt
/content/drive/MyDrive/Base Model Farsi/Documents/medical guidelines/استانداردها/فلوشیپ بیهوشی قلب_1,استاندارد بیهوشی در جراحی قلب.pdf,PyPDF2 (no OCR),0.726,0.0,0.726,/content/drive/MyDrive/Base Model Farsi/Output Texts/استاندارد بیهوشی در جراحی قلب.txt
/content/drive/MyDrive/Base Model Farsi/Documents/medical guidelines/استانداردها/طب سنتی,mosaca_267030.pdf,PyPDF2 (no OCR),0.7631,0.0,0.7631,/content/drive/MyDrive/Base Model Farsi/Output Texts/mosaca_267030.txt
/content/drive/MyDrive/Base Model Farsi/Documents/medical guidelines/استانداردها/طب سنتی,badkesh_267031.pdf,PyPDF2 (no OCR),0.7438,0.0,0.7438,/content/drive/MyDrive/Base Model Farsi/Output Texts/badkesh_267031.txt
/content/drive/MyDrive/Base Model Farsi/Documents/medical guidelines/استانداردها/طب سنتی,sozan-electric_267032.pdf,PyPDF2 (no OCR),0.6271,0.0,0.6271,/content/drive/MyDrive/Base Model Farsi/Output Texts/sozan-electric_267032.txt
/content/drive/MyDrive/Base Model Farsi/Documents/medical guidelines/استانداردها/طب سنتی,injection-_sozan_267035.pdf,PyPDF2 (no OCR),0.6661,0.0,0.6661,/content/drive/MyDrive/Base Model Farsi/Output Texts/injection-_sozan_267035.txt
/content/drive/MyDrive/Base Model Farsi/Documents/medical guidelines/استانداردها/طب سنتی,nishtar_267036.pdf,PyPDF2 (no OCR),0.7255,0.0,0.7255,/content/drive/MyDrive/Base Model Farsi/Output Texts/nishtar_267036.txt
/content/drive/MyDrive/Base Model Farsi/Documents/medical guidelines/استانداردها/طب سنتی,ear_267037.pdf,PyPDF2 (no OCR),0.7043,0.0,0.7043,/content/drive/MyDrive/Base Model Farsi/Output Texts/ear_267037.txt
/content/drive/MyDrive/Base Model Farsi/Documents/medical guidelines/استانداردها/طب سنتی,sang_267040.pdf,PyPDF2 (no OCR),0.6072,0.0,0.6072,/content/drive/MyDrive/Base Model Farsi/Output Texts/sang_267040.txt
/content/drive/MyDrive/Base Model Farsi/Documents/medical guidelines/استانداردها/طب سنتی,neshayi-_sozan_267043.pdf,PyPDF2 (no OCR),0.6269,0.0,0.6269,/content/drive/MyDrive/Base Model Farsi/Output Texts/neshayi-_sozan_267043.txt
/content/drive/MyDrive/Base Model Farsi/Documents/medical guidelines/استانداردها/طب سنتی,sozan_267044.pdf,PyPDF2 (no OCR),0.7433,0.0,0.7433,/content/drive/MyDrive/Base Model Farsi/Output Texts/sozan_267044.txt
/content/drive/MyDrive/Base Model Farsi/Documents/medical guidelines/استانداردها/هیسترکتومی ابدومینال,هیسترکتومی آبدومینال.pdf,OCR (better),0.559,0.7533,0.7533,/content/drive/MyDrive/Base Model Farsi/Output Texts/هیسترکتومی آبدومینال.txt
/content/drive/MyDrive/Base Model Farsi/Documents/medical guidelines/استانداردها/اوتیسم,توانبخشی در بیماری اتیسم.pdf,PyPDF2 (no OCR),0.7946,0.0,0.7946,/content/drive/MyDrive/Base Model Farsi/Output Texts/توانبخشی در بیماری اتیسم.txt
/content/drive/MyDrive/Base Model Farsi/Documents/medical guidelines/استانداردها/اسپیرومتری با و بدون برونکودیلاتور,اسپیرومتری با و بدون برونکودیلاتور.pdf,OCR (better),0.0491,0.5864,0.5864,/content/drive/MyDrive/Base Model Farsi/Output Texts/اسپیرومتری با و بدون برونکودیلاتور.txt
/content/drive/MyDrive/Base Model Farsi/Documents/medical guidelines/استانداردها/طب سنتی,china_267045.pdf,OCR (better),0.5256,0.7729,0.7729,/content/drive/MyDrive/Base Model Farsi/Output Texts/china_267045.txt
/content/drive/MyDrive/Base Model Farsi/Documents/medical guidelines/استانداردها/حداقل سن جهت اعمال زیبایی,نامه ابلاغ حداقل سن جهت اعمال زیبایی.pdf,"PyPDF2 (better, OCR worse)",0.5214,0.5037,0.5214,/content/drive/MyDrive/Base Model Farsi/Output Texts/نامه ابلاغ حداقل سن جهت اعمال زیبایی.txt
/content/drive/MyDrive/Base Model Farsi/Documents/medical guidelines/استانداردها/حداقل سن جهت اعمال زیبایی,حداقل سن جهت اعمال زیبایی.pdf,PyPDF2 (no OCR),0.6808,0.0,0.6808,/content/drive/MyDrive/Base Model Farsi/Output Texts/حداقل سن جهت اعمال زیبایی.txt
/content/drive/MyDrive/Base Model Farsi/Documents/medical guidelines/استانداردها/DBS,DBSنامه ابلاغ.pdf,PyPDF2 (no OCR),0.7849,0.0,0.7849,/content/drive/MyDrive/Base Model Farsi/Output Texts/DBSنامه ابلاغ.txt
/content/drive/MyDrive/Base Model Farsi/Documents/medical guidelines/استانداردها/کالر رحم واژینال,کالر رحم واژینال.pdf,OCR (better),0.0,0.6097,0.6097,/content/drive/MyDrive/Base Model Farsi/Output Texts/کالر رحم واژینال.txt
/content/drive/MyDrive/Base Model Farsi/Documents/medical guidelines/استانداردها/هیستو شیمی,هیستو شیمی.pdf,PyPDF2 (no OCR),0.7874,0.0,0.7874,/content/drive/MyDrive/Base Model Farsi/Output Texts/هیستو شیمی.txt
/content/drive/MyDrive/Base Model Farsi/Documents/medical guidelines/استانداردها/DBS,DBS - اصلاحیه.pdf,OCR (better),0.1718,0.7303,0.7303,/content/drive/MyDrive/Base Model Farsi/Output Texts/DBS - اصلاحیه.txt
/content/drive/MyDrive/Base Model Farsi/Documents/medical guidelines/استانداردها/ترمیم نقایص پاراواژینال_2,ترمیم نقایص پاراواژینال ).pdf,PyPDF2 (no OCR),0.7421,0.0,0.7421,/content/drive/MyDrive/Base Model Farsi/Output Texts/ترمیم نقایص پاراواژینال ).txt
/content/drive/MyDrive/Base Model Farsi/Documents/medical guidelines/استانداردها/جراحی لیزر جنین,جراحی لیزر جنین (نامه).pdf,"PyPDF2 (better, OCR worse)",0.5226,0.5067,0.5226,/content/drive/MyDrive/Base Model Farsi/Output Texts/جراحی لیزر جنین (نامه).txt
/content/drive/MyDrive/Base Model Farsi/Documents/medical guidelines/استانداردها/استاندارد تعویض خون در نوزادان,استاندارد تعویض خون در نوزادان.pdf,OCR (better),0.5098,0.7403,0.7403,/content/drive/MyDrive/Base Model Farsi/Output Texts/استاندارد تعویض خون در نوزادان.txt
/content/drive/MyDrive/Base Model Farsi/Documents/medical guidelines/استانداردها/فراژایل X (سندروم X شکننده ),فراژایل X (سندروم X شکننده ).pdf,PyPDF2 (no OCR),0.7742,0.0,0.7742,/content/drive/MyDrive/Base Model Farsi/Output Texts/فراژایل X (سندروم X شکننده ).txt
/content/drive/MyDrive/Base Model Farsi/Documents/medical guidelines/استانداردها/تست پاترژی,نامه ابلاغ.pdf,Skipped,0,0,0,/content/drive/MyDrive/Base Model Farsi/Output Texts/نامه ابلاغ.txt
/content/drive/MyDrive/Base Model Farsi/Documents/medical guidelines/استانداردها/تست پاترژی,(اصلاحی)4 آذر.pdf,Skipped,0,0,0,/content/drive/MyDrive/Base Model Farsi/Output Texts/(اصلاحی)4 آذر.txt
/content/drive/MyDrive/Base Model Farsi/Documents/medical guidelines/استانداردها/ژنتیک,مشاوره زنتیک.pdf,PyPDF2 (no OCR),0.681,0.0,0.681,/content/drive/MyDrive/Base Model Farsi/Output Texts/مشاوره زنتیک.txt
/content/drive/MyDrive/Base Model Farsi/Documents/medical guidelines/استانداردها/ژنتیک,نامه ابلاغ.pdf,Skipped,0,0,0,/content/drive/MyDrive/Base Model Farsi/Output Texts/نامه ابلاغ.txt
/content/drive/MyDrive/Base Model Farsi/Documents/medical guidelines/استانداردها/SCA,SCA .pdf,PyPDF2 (no OCR),0.7245,0.0,0.7245,/content/drive/MyDrive/Base Model Farsi/Output Texts/SCA .txt
/content/drive/MyDrive/Base Model Farsi/Documents/medical guidelines/استانداردها/الاستوگرافی کبد,نامه ابلاغ.pdf,Skipped,0,0,0,/content/drive/MyDrive/Base Model Farsi/Output Texts/نامه ابلاغ.txt
/content/drive/MyDrive/Base Model Farsi/Documents/medical guidelines/استانداردها/الاستوگرافی کبد,(اصلاحی)4 آذر.pdf,Skipped,0,0,0,/content/drive/MyDrive/Base Model Farsi/Output Texts/(اصلاحی)4 آذر.txt
/content/drive/MyDrive/Base Model Farsi/Documents/medical guidelines/استانداردها/استنت_1,استنت.pdf,PyPDF2 (no OCR),0.7873,0.0,0.7873,/content/drive/MyDrive/Base Model Farsi/Output Texts/استنت.txt
/content/drive/MyDrive/Base Model Farsi/Documents/medical guidelines/استانداردها/استنت_1,استنت گذاری ا.pdf,PyPDF2 (no OCR),0.7977,0.0,0.7977,/content/drive/MyDrive/Base Model Farsi/Output Texts/استنت گذاری ا.txt
/content/drive/MyDrive/Base Model Farsi/Documents/medical guidelines/استانداردها/جراحی لیزر جنین,جراحی لیزر جنین.pdf,"PyPDF2 (better, OCR worse)",0.5946,0.5615,0.5946,/content/drive/MyDrive/Base Model Farsi/Output Texts/جراحی لیزر جنین.txt
/content/drive/MyDrive/Base Model Farsi/Documents/medical guidelines/استانداردها/استاندارد VNS_1,نامه ابلاغ VNS.pdf,"PyPDF2 (better, OCR worse)",0.525,0.5103,0.525,/content/drive/MyDrive/Base Model Farsi/Output Texts/نامه ابلاغ VNS.txt
/content/drive/MyDrive/Base Model Farsi/Documents/medical guidelines/استانداردها/استاندارد VNS_1,شناسنامه استاندارد VNS.pdf,PyPDF2 (no OCR),0.7326,0.0,0.7326,/content/drive/MyDrive/Base Model Farsi/Output Texts/شناسنامه استاندارد VNS.txt
/content/drive/MyDrive/Base Model Farsi/Documents/medical guidelines/استانداردها/زایمان بی درد,زایمان بی درد.pdf,"PyPDF2 (better, OCR worse)",0.5213,0.498,0.5213,/content/drive/MyDrive/Base Model Farsi/Output Texts/زایمان بی درد.txt
/content/drive/MyDrive/Base Model Farsi/Documents/medical guidelines/استانداردها/زایمان بی درد,زایمان بی درد-.pdf,PyPDF2 (no OCR),0.7501,0.0,0.7501,/content/drive/MyDrive/Base Model Farsi/Output Texts/زایمان بی درد-.txt
/content/drive/MyDrive/Base Model Farsi/Documents/medical guidelines/استانداردها/SCU,استاندارد بخش مراقبت ویژه سکته مغزی.pdf,PyPDF2 (no OCR),0.7918,0.0,0.7918,/content/drive/MyDrive/Base Model Farsi/Output Texts/استاندارد بخش مراقبت ویژه سکته مغزی.txt
/content/drive/MyDrive/Base Model Farsi/Documents/medical guidelines/استانداردها/کاریو تایپ مایع امنیون ویراست  cvs,کاریو تایپ مایع امنیون ویراست  cvs.pdf,PyPDF2 (no OCR),0.7925,0.0,0.7925,/content/drive/MyDrive/Base Model Farsi/Output Texts/کاریو تایپ مایع امنیون ویراست  cvs.txt
/content/drive/MyDrive/Base Model Farsi/Documents/medical guidelines/استانداردها/مادرزادی قلب,مادرزادی قلب.pdf,OCR (better),0.0,0.6422,0.6422,/content/drive/MyDrive/Base Model Farsi/Output Texts/مادرزادی قلب.txt
/content/drive/MyDrive/Base Model Farsi/Documents/medical guidelines/استانداردها/خون,نامه استاندارد.pdf,PyPDF2 (no OCR),0.785,0.0,0.785,/content/drive/MyDrive/Base Model Farsi/Output Texts/نامه استاندارد.txt
/content/drive/MyDrive/Base Model Farsi/Documents/medical guidelines/استانداردها/خون,کاتتریزه کردن شریان.pdf,PyPDF2 (no OCR),0.743,0.0,0.743,/content/drive/MyDrive/Base Model Farsi/Output Texts/کاتتریزه کردن شریان.txt
/content/drive/MyDrive/Base Model Farsi/Documents/medical guidelines/استانداردها/بارگزاری تست تکامل - 202211060640421,نامه ابلاغ تکامل.pdf,PyPDF2 (no OCR),0.7868,0.0,0.7868,/content/drive/MyDrive/Base Model Farsi/Output Texts/نامه ابلاغ تکامل.txt
/content/drive/MyDrive/Base Model Farsi/Documents/medical guidelines/استانداردها/استاندارد خدمت تغذیه سرپایی,نامه ابلاغ.pdf,Skipped,0,0,0,/content/drive/MyDrive/Base Model Farsi/Output Texts/نامه ابلاغ.txt
/content/drive/MyDrive/Base Model Farsi/Documents/medical guidelines/استانداردها/استاندارد خدمت تغذیه سرپایی,استاندارد پیگیری وضعیت تغذی.pdf,PyPDF2 (no OCR),0.7931,0.0,0.7931,/content/drive/MyDrive/Base Model Farsi/Output Texts/استاندارد پیگیری وضعیت تغذی.txt
/content/drive/MyDrive/Base Model Farsi/Documents/medical guidelines/استانداردها/استاندارد خدمت تغذیه سرپایی,استاندارد مشاوره تغذیه در بی.pdf,PyPDF2 (no OCR),0.7945,0.0,0.7945,/content/drive/MyDrive/Base Model Farsi/Output Texts/استاندارد مشاوره تغذیه در بی.txt
/content/drive/MyDrive/Base Model Farsi/Documents/medical guidelines/استانداردها/CF,CF .pdf,PyPDF2 (no OCR),0.7976,0.0,0.7976,/content/drive/MyDrive/Base Model Farsi/Output Texts/CF .txt
/content/drive/MyDrive/Base Model Farsi/Documents/medical guidelines/استانداردها/EBUS,EBUS.pdf,OCR (better),0.1617,0.5791,0.5791,/content/drive/MyDrive/Base Model Farsi/Output Texts/EBUS.txt
/content/drive/MyDrive/Base Model Farsi/Documents/medical guidelines/استانداردها/MWT,MWT.pdf,OCR (better),0.2352,0.6998,0.6998,/content/drive/MyDrive/Base Model Farsi/Output Texts/MWT.txt
/content/drive/MyDrive/Base Model Farsi/Documents/medical guidelines/استانداردها/پیوند روده,پیوند روده.pdf,PyPDF2 (no OCR),0.7871,0.0,0.7871,/content/drive/MyDrive/Base Model Farsi/Output Texts/پیوند روده.txt
/content/drive/MyDrive/Base Model Farsi/Documents/medical guidelines/استانداردها/پیوند روده,پیوند1 روده.pdf,PyPDF2 (no OCR),0.7859,0.0,0.7859,/content/drive/MyDrive/Base Model Farsi/Output Texts/پیوند1 روده.txt
/content/drive/MyDrive/Base Model Farsi/Documents/medical guidelines/استانداردها/کراس لینک - 202312130733001,1آذر.pdf,"PyPDF2 (better, OCR worse)",0.565,0.5431,0.565,/content/drive/MyDrive/Base Model Farsi/Output Texts/1آذر.txt
/content/drive/MyDrive/Base Model Farsi/Documents/medical guidelines/استانداردها/کراس لینک - 202312130733001,نامه ابلاغ کراس لینک.pdf,"PyPDF2 (better, OCR worse)",0.5201,0.5061,0.5201,/content/drive/MyDrive/Base Model Farsi/Output Texts/نامه ابلاغ کراس لینک.txt
/content/drive/MyDrive/Base Model Farsi/Documents/medical guidelines/استانداردها/CRRT,نامه ابلاغ.pdf,Skipped,0,0,0,/content/drive/MyDrive/Base Model Farsi/Output Texts/نامه ابلاغ.txt
/content/drive/MyDrive/Base Model Farsi/Documents/medical guidelines/استانداردها/CRRT,CRRT کودکان.pdf,PyPDF2 (no OCR),0.7892,0.0,0.7892,/content/drive/MyDrive/Base Model Farsi/Output Texts/CRRT کودکان.txt
/content/drive/MyDrive/Base Model Farsi/Documents/medical guidelines/استانداردها/O.H ICU,استاندارد O.H ICU.pdf,PyPDF2 (no OCR),0.7874,0.0,0.7874,/content/drive/MyDrive/Base Model Farsi/Output Texts/استاندارد O.H ICU.txt
/content/drive/MyDrive/Base Model Farsi/Documents/medical guidelines/استانداردها/بخور و انکباب,نامه طب ایرانی.pdf,PyPDF2 (no OCR),0.7845,0.0,0.7845,/content/drive/MyDrive/Base Model Farsi/Output Texts/نامه طب ایرانی.txt
/content/drive/MyDrive/Base Model Farsi/Documents/medical guidelines/استانداردها/بخور و انکباب,بخور و انکباب--.pdf,PyPDF2 (no OCR),0.6464,0.0,0.6464,/content/drive/MyDrive/Base Model Farsi/Output Texts/بخور و انکباب--.txt
/content/drive/MyDrive/Base Model Farsi/Documents/medical guidelines/استانداردها/کرونر,کرونر.pdf,OCR (better),0.3119,0.7622,0.7622,/content/drive/MyDrive/Base Model Farsi/Output Texts/کرونر.txt
/content/drive/MyDrive/Base Model Farsi/Documents/medical guidelines/استانداردها/MLPA,MLPA.pdf,PyPDF2 (no OCR),0.7047,0.0,0.7047,/content/drive/MyDrive/Base Model Farsi/Output Texts/MLPA.txt
/content/drive/MyDrive/Base Model Farsi/Documents/medical guidelines/استانداردها/DMD,DMD .pdf,PyPDF2 (no OCR),0.7953,0.0,0.7953,/content/drive/MyDrive/Base Model Farsi/Output Texts/DMD .txt
/content/drive/MyDrive/Base Model Farsi/Documents/medical guidelines/استانداردها/کاتاراکت,کاتاراکت بازنگری شده.pdf,OCR (better),0.2291,0.7722,0.7722,/content/drive/MyDrive/Base Model Farsi/Output Texts/کاتاراکت بازنگری شده.txt
/content/drive/MyDrive/Base Model Farsi/Documents/medical guidelines/استانداردها/TPE,نامه.pdf,Skipped,0,0,0,/content/drive/MyDrive/Base Model Farsi/Output Texts/نامه.txt
/content/drive/MyDrive/Base Model Farsi/Documents/medical guidelines/استانداردها/TPE,تعویض پلاسما-1.pdf,PyPDF2 (no OCR),0.7953,0.0,0.7953,/content/drive/MyDrive/Base Model Farsi/Output Texts/تعویض پلاسما-1.txt
/content/drive/MyDrive/Base Model Farsi/Documents/medical guidelines/استانداردها/همودیالیز در کودکان و بزرگسالان,استاندارد همو دیالیز.pdf,"PyPDF2 (better, OCR worse)",0.5239,0.511,0.5239,/content/drive/MyDrive/Base Model Farsi/Output Texts/استاندارد همو دیالیز.txt
/content/drive/MyDrive/Base Model Farsi/Documents/medical guidelines/استانداردها/همودیالیز در کودکان و بزرگسالان,دیالیز کودکان 16 مهر ماه.pdf,PyPDF2 (no OCR),0.7863,0.0,0.7863,/content/drive/MyDrive/Base Model Farsi/Output Texts/دیالیز کودکان 16 مهر ماه.txt
/content/drive/MyDrive/Base Model Farsi/Documents/medical guidelines/استانداردها/Thyroid cancer,Thyroid cancer.pdf,OCR (better),0.2051,0.7744,0.7744,/content/drive/MyDrive/Base Model Farsi/Output Texts/Thyroid cancer.txt
/content/drive/MyDrive/Base Model Farsi/Documents/medical guidelines/استانداردها/همودیالیز در کودکان و بزرگسالان,16 مهر ماه- همودیالیز در بزرگسال.pdf,OCR (better),0.4722,0.7551,0.7551,/content/drive/MyDrive/Base Model Farsi/Output Texts/16 مهر ماه- همودیالیز در بزرگسال.txt
/content/drive/MyDrive/Base Model Farsi/Documents/medical guidelines/استانداردها/صفاقی کودک,دیالیز صفاقی کودکان.pdf,PyPDF2 (no OCR),0.7873,0.0,0.7873,/content/drive/MyDrive/Base Model Farsi/Output Texts/دیالیز صفاقی کودکان.txt
/content/drive/MyDrive/Base Model Farsi/Documents/medical guidelines/استانداردها/صفاقی کودک,دیالیز صفاقی کودکان1.pdf,PyPDF2 (no OCR),0.7285,0.0,0.7285,/content/drive/MyDrive/Base Model Farsi/Output Texts/دیالیز صفاقی کودکان1.txt
/content/drive/MyDrive/Base Model Farsi/Documents/medical guidelines/استانداردها/Sickle Cell Anemia,Sickle Cell Anemia.pdf,PyPDF2 (no OCR),0.7562,0.0,0.7562,/content/drive/MyDrive/Base Model Farsi/Output Texts/Sickle Cell Anemia.txt
/content/drive/MyDrive/Base Model Farsi/Documents/medical guidelines/استانداردها/هیدروتراپی,نسخه دوم استاندارد هیدروتراپی 99.pdf,OCR (better),0.2519,0.7579,0.7579,/content/drive/MyDrive/Base Model Farsi/Output Texts/نسخه دوم استاندارد هیدروتراپی 99.txt
/content/drive/MyDrive/Base Model Farsi/Documents/medical guidelines/استانداردها/روان درمانی,نامه ابلاغ.pdf,Skipped,0,0,0,/content/drive/MyDrive/Base Model Farsi/Output Texts/نامه ابلاغ.txt
/content/drive/MyDrive/Base Model Farsi/Documents/medical guidelines/استانداردها/روان درمانی,نهایی 900050.pdf,PyPDF2 (no OCR),0.7911,0.0,0.7911,/content/drive/MyDrive/Base Model Farsi/Output Texts/نهایی 900050.txt
/content/drive/MyDrive/Base Model Farsi/Documents/medical guidelines/استانداردها/روان درمانی,نهایی 900093.pdf,PyPDF2 (no OCR),0.7916,0.0,0.7916,/content/drive/MyDrive/Base Model Farsi/Output Texts/نهایی 900093.txt
/content/drive/MyDrive/Base Model Farsi/Documents/medical guidelines/استانداردها/روان درمانی,900091 نهایی.pdf,PyPDF2 (no OCR),0.7919,0.0,0.7919,/content/drive/MyDrive/Base Model Farsi/Output Texts/900091 نهایی.txt
/content/drive/MyDrive/Base Model Farsi/Documents/medical guidelines/استانداردها/روان درمانی,نهایی 900096.pdf,PyPDF2 (no OCR),0.7909,0.0,0.7909,/content/drive/MyDrive/Base Model Farsi/Output Texts/نهایی 900096.txt
/content/drive/MyDrive/Base Model Farsi/Documents/medical guidelines/استانداردها/SOP single-phase MPI_1,SOP single-phase MPI .pdf,OCR (better),0.0,0.7729,0.7729,/content/drive/MyDrive/Base Model Farsi/Output Texts/SOP single-phase MPI .txt
/content/drive/MyDrive/Base Model Farsi/Documents/medical guidelines/استانداردها/روان درمانی,900051 نهایی.pdf,PyPDF2 (no OCR),0.791,0.0,0.791,/content/drive/MyDrive/Base Model Farsi/Output Texts/900051 نهایی.txt
/content/drive/MyDrive/Base Model Farsi/Documents/medical guidelines/استانداردها/IMRT,استاندارد  IMRT .pdf,PyPDF2 (no OCR),0.7925,0.0,0.7925,/content/drive/MyDrive/Base Model Farsi/Output Texts/استاندارد  IMRT .txt
/content/drive/MyDrive/Base Model Farsi/Documents/medical guidelines/استانداردها/NST,nstنسخه دوم.pdf,OCR (better),0.3527,0.625,0.625,/content/drive/MyDrive/Base Model Farsi/Output Texts/nstنسخه دوم.txt
/content/drive/MyDrive/Base Model Farsi/Documents/medical guidelines/استانداردها/NST,نامه نسخه دوم زنان.pdf,Skipped,0,0,0,/content/drive/MyDrive/Base Model Farsi/Output Texts/نامه نسخه دوم زنان.txt
/content/drive/MyDrive/Base Model Farsi/Documents/medical guidelines/استانداردها/MSLT,MSLT.pdf,OCR (better),0.1592,0.6962,0.6962,/content/drive/MyDrive/Base Model Farsi/Output Texts/MSLT.txt
/content/drive/MyDrive/Base Model Farsi/Documents/medical guidelines/استانداردها/Beta thalassemia,Beta thalassemia.pdf,PyPDF2 (no OCR),0.7961,0.0,0.7961,/content/drive/MyDrive/Base Model Farsi/Output Texts/Beta thalassemia.txt
/content/drive/MyDrive/Base Model Farsi/Documents/medical guidelines/استانداردها/تغذیه سرپایی,نامه ابلاغ تغذیه سرپایی.pdf,"PyPDF2 (better, OCR worse)",0.5219,0.5088,0.5219,/content/drive/MyDrive/Base Model Farsi/Output Texts/نامه ابلاغ تغذیه سرپایی.txt
/content/drive/MyDrive/Base Model Farsi/Documents/medical guidelines/استانداردها/تغذیه سرپایی,استاندارد تغذیه سرپایی 1.pdf,PyPDF2 (no OCR),0.7931,0.0,0.7931,/content/drive/MyDrive/Base Model Farsi/Output Texts/استاندارد تغذیه سرپایی 1.txt
/content/drive/MyDrive/Base Model Farsi/Documents/medical guidelines/استانداردها/تغذیه سرپایی,استاندارد تغذیه سرپایی2.pdf,PyPDF2 (no OCR),0.7945,0.0,0.7945,/content/drive/MyDrive/Base Model Farsi/Output Texts/استاندارد تغذیه سرپایی2.txt
/content/drive/MyDrive/Base Model Farsi/Documents/medical guidelines/استانداردها/NIPT,NIPT.pdf,PyPDF2 (no OCR),0.7947,0.0,0.7947,/content/drive/MyDrive/Base Model Farsi/Output Texts/NIPT.txt
/content/drive/MyDrive/Base Model Farsi/Documents/medical guidelines/استانداردها/شناسنامه_و_استاندارد_خدمت_درمان استئو میلیت مزمن_1,شناسنامه_و_استاندارد_خدمت_درمان استئو میلیت مزمن.pdf,PyPDF2 (no OCR),0.7892,0.0,0.7892,/content/drive/MyDrive/Base Model Farsi/Output Texts/شناسنامه_و_استاندارد_خدمت_درمان استئو میلیت مزمن.txt
/content/drive/MyDrive/Base Model Farsi/Documents/medical guidelines/استانداردها/اورژانس,نامه ابلاغ.pdf,Skipped,0,0,0,/content/drive/MyDrive/Base Model Farsi/Output Texts/نامه ابلاغ.txt
/content/drive/MyDrive/Base Model Farsi/Documents/medical guidelines/استانداردها/اورژانس,استاندارد بخش اورژانس.pdf,PyPDF2 (no OCR),0.7931,0.0,0.7931,/content/drive/MyDrive/Base Model Farsi/Output Texts/استاندارد بخش اورژانس.txt
/content/drive/MyDrive/Base Model Farsi/Documents/medical guidelines/استانداردها/سنجش تراکم استخوان,استانداردنهایی سنجش استخوان.pdf,OCR (better),0.4997,0.711,0.711,/content/drive/MyDrive/Base Model Farsi/Output Texts/استانداردنهایی سنجش استخوان.txt
/content/drive/MyDrive/Base Model Farsi/Documents/medical guidelines/استانداردها/SRS,SRS.pdf,"PyPDF2 (better, OCR worse)",0.5225,0.5069,0.5225,/content/drive/MyDrive/Base Model Farsi/Output Texts/SRS.txt
/content/drive/MyDrive/Base Model Farsi/Documents/medical guidelines/استانداردها/SRS,SBRT-SRS-16 مهر ماه.pdf,PyPDF2 (no OCR),0.7904,0.0,0.7904,/content/drive/MyDrive/Base Model Farsi/Output Texts/SBRT-SRS-16 مهر ماه.txt
/content/drive/MyDrive/Base Model Farsi/Documents/medical guidelines/استانداردها/منچستر,منچستر .pdf,PyPDF2 (no OCR),0.6807,0.0,0.6807,/content/drive/MyDrive/Base Model Farsi/Output Texts/منچستر .txt
/content/drive/MyDrive/Base Model Farsi/Documents/medical guidelines/استانداردها/Desktop,سل 1.pdf,PyPDF2 (no OCR),0.787,0.0,0.787,/content/drive/MyDrive/Base Model Farsi/Output Texts/سل 1.txt
/content/drive/MyDrive/Base Model Farsi/Documents/medical guidelines/استانداردها/Desktop,پیش نویس استاندارد آزمایش تشخیص مایکوباکتریوم بوویس  به روش مولکولی.pdf,PyPDF2 (no OCR),0.7955,0.0,0.7955,/content/drive/MyDrive/Base Model Farsi/Output Texts/پیش نویس استاندارد آزمایش تشخیص مایکوباکتریوم بوویس  به روش مولکولی.txt
/content/drive/MyDrive/Base Model Farsi/Documents/medical guidelines/استانداردها/Desktop,استاندارد آزمایش تعیین مقاومت داروئی مایکوباکتریوم توبرکولوزیس به داروی ریفامپین به روش مولکولی.pdf,PyPDF2 (no OCR),0.7958,0.0,0.7958,/content/drive/MyDrive/Base Model Farsi/Output Texts/استاندارد آزمایش تعیین مقاومت داروئی مایکوباکتریوم توبرکولوزیس به داروی ریفامپین به روش مولکولی.txt
/content/drive/MyDrive/Base Model Farsi/Documents/medical guidelines/استانداردها/Desktop,استاندارد آزمایش تعیین مقاومت داروئی مایکوباکتریوم توبرکلوزیس به داروی پیرازینامید به روش مولکولی.pdf,PyPDF2 (no OCR),0.796,0.0,0.796,/content/drive/MyDrive/Base Model Farsi/Output Texts/استاندارد آزمایش تعیین مقاومت داروئی مایکوباکتریوم توبرکلوزیس به داروی پیرازینامید به روش مولکولی.txt
/content/drive/MyDrive/Base Model Farsi/Documents/medical guidelines/استانداردها/Desktop,استاندارد آزمایش تعیین مقاومت داروئی مایکوباکتریوم توبرکلوزیس به داروی ایزونیازید به روش مولکولی.pdf,PyPDF2 (no OCR),0.796,0.0,0.796,/content/drive/MyDrive/Base Model Farsi/Output Texts/استاندارد آزمایش تعیین مقاومت داروئی مایکوباکتریوم توبرکلوزیس به داروی ایزونیازید به روش مولکولی.txt
/content/drive/MyDrive/Base Model Farsi/Documents/medical guidelines/استانداردها/Desktop,استاندارد آزمایش تعیین مقاومت داروئی مایکوباکتریوم توبرکلوزیس به داروی اتامبوتول به روش مولکولی.pdf,PyPDF2 (no OCR),0.796,0.0,0.796,/content/drive/MyDrive/Base Model Farsi/Output Texts/استاندارد آزمایش تعیین مقاومت داروئی مایکوباکتریوم توبرکلوزیس به داروی اتامبوتول به روش مولکولی.txt
/content/drive/MyDrive/Base Model Farsi/Documents/medical guidelines/استانداردها/Desktop,پیش نویس استاندارد آزمایش تشخیص مایکوباکتریوم بوویس ( ب.ثٍ. ژ) به روش مولکولی.pdf,PyPDF2 (no OCR),0.7944,0.0,0.7944,/content/drive/MyDrive/Base Model Farsi/Output Texts/پیش نویس استاندارد آزمایش تشخیص مایکوباکتریوم بوویس ( ب.ثٍ. ژ) به روش مولکولی.txt
/content/drive/MyDrive/Base Model Farsi/Documents/medical guidelines/استانداردها/حقنه درمانی,نامه طب ایرانی.pdf,Skipped,0,0,0,/content/drive/MyDrive/Base Model Farsi/Output Texts/نامه طب ایرانی.txt
/content/drive/MyDrive/Base Model Farsi/Documents/medical guidelines/استانداردها/حقنه درمانی,حقنه درمانی -.pdf,PyPDF2 (no OCR),0.706,0.0,0.706,/content/drive/MyDrive/Base Model Farsi/Output Texts/حقنه درمانی -.txt
/content/drive/MyDrive/Base Model Farsi/Documents/medical guidelines/استانداردها/استاندارد آنژیوگرافی عروق مغزی,نامه ابلاغ آنژیوگرافی عروق مغزی.pdf,"PyPDF2 (better, OCR worse)",0.5307,0.5103,0.5307,/content/drive/MyDrive/Base Model Farsi/Output Texts/نامه ابلاغ آنژیوگرافی عروق مغزی.txt
/content/drive/MyDrive/Base Model Farsi/Documents/medical guidelines/استانداردها/استاندارد آنژیوگرافی عروق مغزی,آنژیوگرافی عروق مغزی.pdf,PyPDF2 (no OCR),0.797,0.0,0.797,/content/drive/MyDrive/Base Model Farsi/Output Texts/آنژیوگرافی عروق مغزی.txt
/content/drive/MyDrive/Base Model Farsi/Documents/medical guidelines/استانداردها/اکرتا_1,اکرتا.pdf,OCR (better),0.0,0.595,0.595,/content/drive/MyDrive/Base Model Farsi/Output Texts/اکرتا.txt
/content/drive/MyDrive/Base Model Farsi/Documents/medical guidelines/استانداردها/ترمیم انتروسل از راه شکم,پرینئوپلاستی، ترمیم پرینه.pdf,OCR (better),0.5786,0.764,0.764,/content/drive/MyDrive/Base Model Farsi/Output Texts/پرینئوپلاستی، ترمیم پرینه.txt
/content/drive/MyDrive/Base Model Farsi/Documents/medical guidelines/استانداردها/فیزیوتراپی نوزادان_1,فیزیوتراپی نوزادان.pdf,OCR (better),0.0,0.7831,0.7831,/content/drive/MyDrive/Base Model Farsi/Output Texts/فیزیوتراپی نوزادان.txt
/content/drive/MyDrive/Base Model Farsi/Documents/medical guidelines/استانداردها/فیزیوتراپی نوزادان_1,نامه ابلاغ.pdf,Skipped,0,0,0,/content/drive/MyDrive/Base Model Farsi/Output Texts/نامه ابلاغ.txt
/content/drive/MyDrive/Base Model Farsi/Documents/medical guidelines/استانداردها/اکو داپلر بافتی_1,اکو داپلربافتی.pdf,OCR (better),0.0,0.7746,0.7746,/content/drive/MyDrive/Base Model Farsi/Output Texts/اکو داپلربافتی.txt
/content/drive/MyDrive/Base Model Farsi/Documents/medical guidelines/استانداردها/بیوفیدبک کف لگن,استاندارد بیوفیدبک کف لگن.pdf,OCR (better),0.2258,0.7426,0.7426,/content/drive/MyDrive/Base Model Farsi/Output Texts/استاندارد بیوفیدبک کف لگن.txt
/content/drive/MyDrive/Base Model Farsi/Documents/medical guidelines/استانداردها/OCT,OCT.pdf,PyPDF2 (no OCR),0.6418,0.0,0.6418,/content/drive/MyDrive/Base Model Farsi/Output Texts/OCT.txt
/content/drive/MyDrive/Base Model Farsi/Documents/medical guidelines/استانداردها/پاپ اسمیر,استاندارد خدمت پاپ اسمیر و HPV.pdf,"PyPDF2 (better, OCR worse)",0.5832,0.5462,0.5832,/content/drive/MyDrive/Base Model Farsi/Output Texts/استاندارد خدمت پاپ اسمیر و HPV.txt
/content/drive/MyDrive/Base Model Farsi/Documents/medical guidelines/استانداردها/درمان دستی,درمان دستی.pdf,Skipped,0,0,0,/content/drive/MyDrive/Base Model Farsi/Output Texts/درمان دستی.txt
/content/drive/MyDrive/Base Model Farsi/Documents/medical guidelines/استانداردها/درمان دستی,مانیپولاسیون.pdf,Skipped,0,0,0,/content/drive/MyDrive/Base Model Farsi/Output Texts/مانیپولاسیون.txt
/content/drive/MyDrive/Base Model Farsi/Documents/medical guidelines/استانداردها/بازتوانی ریه (1),شناسنامه بازتوانی ریه .pdf,PyPDF2 (no OCR),0.7914,0.0,0.7914,/content/drive/MyDrive/Base Model Farsi/Output Texts/شناسنامه بازتوانی ریه .txt
/content/drive/MyDrive/Base Model Farsi/Documents/medical guidelines/استانداردها/ترمیم انتروسل از راه شکم_1,پرینئوپلاستی، ترمیم پرینه.pdf,Skipped,0,0,0,/content/drive/MyDrive/Base Model Farsi/Output Texts/پرینئوپلاستی، ترمیم پرینه.txt
/content/drive/MyDrive/Base Model Farsi/Documents/medical guidelines/استانداردها/اتاق تمیز904040_1,نامه ابلاغ.pdf,Skipped,0,0,0,/content/drive/MyDrive/Base Model Farsi/Output Texts/نامه ابلاغ.txt
/content/drive/MyDrive/Base Model Farsi/Documents/medical guidelines/استانداردها/ترومبولیتیک تراپی,استاندارد ترمبولیتیک تراپی- نهایی.pdf,PyPDF2 (no OCR),0.7738,0.0,0.7738,/content/drive/MyDrive/Base Model Farsi/Output Texts/استاندارد ترمبولیتیک تراپی- نهایی.txt
/content/drive/MyDrive/Base Model Farsi/Documents/medical guidelines/استانداردها/اتاق تمیز904040_1,904040- (اصلاحی)1 آذر.pdf,PyPDF2 (no OCR),0.7897,0.0,0.7897,/content/drive/MyDrive/Base Model Farsi/Output Texts/904040- (اصلاحی)1 آذر.txt
/content/drive/MyDrive/Base Model Farsi/Documents/medical guidelines/استانداردها/لیزر پر توان,بازنگری استاندراد لیزرپرتوان 99.pdf,PyPDF2 (no OCR),0.7913,0.0,0.7913,/content/drive/MyDrive/Base Model Farsi/Output Texts/بازنگری استاندراد لیزرپرتوان 99.txt
/content/drive/MyDrive/Base Model Farsi/Documents/medical guidelines/استانداردها/برون ده قلبی,استاندارد برون ده قلبی.pdf,PyPDF2 (no OCR),0.6872,0.0,0.6872,/content/drive/MyDrive/Base Model Farsi/Output Texts/استاندارد برون ده قلبی.txt
/content/drive/MyDrive/Base Model Farsi/Documents/medical guidelines/استانداردها/آنژیوگرافی عروق کرونر,آنژیوگرافی عروق کرونر.pdf,PyPDF2 (no OCR),0.7882,0.0,0.7882,/content/drive/MyDrive/Base Model Farsi/Output Texts/آنژیوگرافی عروق کرونر.txt
/content/drive/MyDrive/Base Model Farsi/Documents/medical guidelines/استانداردها/آنژیوگرافی عروق کرونر,نامه ابلاغ آنژیوگرافی عروق کرونر.pdf,"PyPDF2 (better, OCR worse)",0.5318,0.5106,0.5318,/content/drive/MyDrive/Base Model Farsi/Output Texts/نامه ابلاغ آنژیوگرافی عروق کرونر.txt
/content/drive/MyDrive/Base Model Farsi/Documents/medical guidelines/استانداردها/تحریک مغناطی,شناسنامه و استاندارد خدمت تحریک مغناطیسی مغزی فرا جمجمه ای مکرر (آر تی ام اس)(نسخه دوم ) نامه ایلاغ.pdf,"PyPDF2 (better, OCR worse)",0.5253,0.5054,0.5253,/content/drive/MyDrive/Base Model Farsi/Output Texts/شناسنامه و استاندارد خدمت تحریک مغناطیسی مغزی فرا جمجمه ای مکرر (آر تی ام اس)(نسخه دوم ) نامه ایلاغ.txt
/content/drive/MyDrive/Base Model Farsi/Documents/medical guidelines/استانداردها/تحریک مغناطی,شناسنامه و استاندارد خدمت تحریک مغناطیسی مغزی فرا جمجمه ای مکرر (آر تی ام اس)(نسخه دوم ) فایل پیوست.pdf,PyPDF2 (no OCR),0.7929,0.0,0.7929,/content/drive/MyDrive/Base Model Farsi/Output Texts/شناسنامه و استاندارد خدمت تحریک مغناطیسی مغزی فرا جمجمه ای مکرر (آر تی ام اس)(نسخه دوم ) فایل پیوست.txt
/content/drive/MyDrive/Base Model Farsi/Documents/medical guidelines/استانداردها/استاندارد پانچ بیوپسی پوست,نامه ابلاغ.pdf,Skipped,0,0,0,/content/drive/MyDrive/Base Model Farsi/Output Texts/نامه ابلاغ.txt
/content/drive/MyDrive/Base Model Farsi/Documents/medical guidelines/استانداردها/استاندارد پانچ بیوپسی پوست,استاندارد پانچ بیوپسی پوست.pdf,PyPDF2 (no OCR),0.6861,0.0,0.6861,/content/drive/MyDrive/Base Model Farsi/Output Texts/استاندارد پانچ بیوپسی پوست.txt
/content/drive/MyDrive/Base Model Farsi/Documents/medical guidelines/استانداردها/LP نامه ابلاغ,LP نامه ابلاغ.pdf,OCR (better),0.0,0.5051,0.5051,/content/drive/MyDrive/Base Model Farsi/Output Texts/LP نامه ابلاغ.txt
/content/drive/MyDrive/Base Model Farsi/Documents/medical guidelines/استانداردها/LP نامه ابلاغ,ابلاغ شناسنامه و استاندارد LP.pdf,PyPDF2 (no OCR),0.6113,0.0,0.6113,/content/drive/MyDrive/Base Model Farsi/Output Texts/ابلاغ شناسنامه و استاندارد LP.txt
/content/drive/MyDrive/Base Model Farsi/Documents/medical guidelines/استانداردها/تیتراسیون دستگاه فشار مثبت_1,تیتراسیون دستگاه فشار مثبت راه هوایی.pdf,OCR (better),0.0023,0.7162,0.7162,/content/drive/MyDrive/Base Model Farsi/Output Texts/تیتراسیون دستگاه فشار مثبت راه هوایی.txt
/content/drive/MyDrive/Base Model Farsi/Documents/medical guidelines/استانداردها/قلب و عروق_1,اکوکاردیوگرافی کامل در بیماری‌های مادرزادی.pdf,OCR (better),0.5622,0.7706,0.7706,/content/drive/MyDrive/Base Model Farsi/Output Texts/اکوکاردیوگرافی کامل در بیماری‌های مادرزادی.txt
/content/drive/MyDrive/Base Model Farsi/Documents/medical guidelines/استانداردها/قلب و عروق_1,اکوکارديوگرافي کامل در بيماران غيرمادرزادي.pdf,OCR (better),0.4217,0.7749,0.7749,/content/drive/MyDrive/Base Model Farsi/Output Texts/اکوکارديوگرافي کامل در بيماران غيرمادرزادي.txt
/content/drive/MyDrive/Base Model Farsi/Documents/medical guidelines/استانداردها/قلب و عروق_1,استاندارد استرس اکو.pdf,OCR (better),0.0,0.7724,0.7724,/content/drive/MyDrive/Base Model Farsi/Output Texts/استاندارد استرس اکو.txt
/content/drive/MyDrive/Base Model Farsi/Documents/medical guidelines/استانداردها/قلب و عروق_1,اکو داپلربافتی.pdf,Skipped,0,0,0,/content/drive/MyDrive/Base Model Farsi/Output Texts/اکو داپلربافتی.txt
/content/drive/MyDrive/Base Model Farsi/Documents/medical guidelines/استانداردها/قلب و عروق_1,اکوکاردیوگرافی از راه مری.pdf,OCR (better),0.0,0.74,0.74,/content/drive/MyDrive/Base Model Farsi/Output Texts/اکوکاردیوگرافی از راه مری.txt
/content/drive/MyDrive/Base Model Farsi/Documents/medical guidelines/استانداردها/تمرین درمانی,تمرین درمانی .pdf,PyPDF2 (no OCR),0.7902,0.0,0.7902,/content/drive/MyDrive/Base Model Farsi/Output Texts/تمرین درمانی .txt
/content/drive/MyDrive/Base Model Farsi/Documents/medical guidelines/استانداردها/تمرین درمانی,نامه ابلاغ.pdf,Skipped,0,0,0,/content/drive/MyDrive/Base Model Farsi/Output Texts/نامه ابلاغ.txt
/content/drive/MyDrive/Base Model Farsi/Documents/medical guidelines/استانداردها/ROP (1),معاینه شبکیه نوزاد نارس.pdf,PyPDF2 (no OCR),0.7226,0.0,0.7226,/content/drive/MyDrive/Base Model Farsi/Output Texts/معاینه شبکیه نوزاد نارس.txt
/content/drive/MyDrive/Base Model Farsi/Documents/medical guidelines/استانداردها/PCNL,pcnlنامه ابلاغ.pdf,"PyPDF2 (better, OCR worse)",0.52,0.4948,0.52,/content/drive/MyDrive/Base Model Farsi/Output Texts/pcnlنامه ابلاغ.txt
/content/drive/MyDrive/Base Model Farsi/Documents/medical guidelines/استانداردها/PCNL,pcnl.pdf,PyPDF2 (no OCR),0.7907,0.0,0.7907,/content/drive/MyDrive/Base Model Farsi/Output Texts/pcnl.txt
/content/drive/MyDrive/Base Model Farsi/Documents/medical guidelines/استانداردها/زالودرمانی,نامه طب ایرانی.pdf,Skipped,0,0,0,/content/drive/MyDrive/Base Model Farsi/Output Texts/نامه طب ایرانی.txt
/content/drive/MyDrive/Base Model Farsi/Documents/medical guidelines/استانداردها/زالودرمانی,زالودرمانی.pdf,OCR (better),0.0,0.7705,0.7705,/content/drive/MyDrive/Base Model Farsi/Output Texts/زالودرمانی.txt
/content/drive/MyDrive/Base Model Farsi/Documents/medical guidelines/استانداردها/توانبخشی کرونا,شناسنامه بازتوانی ریه .pdf,Skipped,0,0,0,/content/drive/MyDrive/Base Model Farsi/Output Texts/شناسنامه بازتوانی ریه .txt
/content/drive/MyDrive/Base Model Farsi/Documents/medical guidelines/استانداردها/TOT,TOT  .pdf,OCR (better),0.484,0.727,0.727,/content/drive/MyDrive/Base Model Farsi/Output Texts/TOT  .txt
/content/drive/MyDrive/Base Model Farsi/Documents/medical guidelines/استانداردها/ibd,نامه ابلاغ 2.pdf,Skipped,0,0,0,/content/drive/MyDrive/Base Model Farsi/Output Texts/نامه ابلاغ 2.txt
/content/drive/MyDrive/Base Model Farsi/Documents/medical guidelines/استانداردها/ibd,ibdتغذیه در بیماران بستری مبتلا به .pdf,PyPDF2 (no OCR),0.7872,0.0,0.7872,/content/drive/MyDrive/Base Model Farsi/Output Texts/ibdتغذیه در بیماران بستری مبتلا به .txt
/content/drive/MyDrive/Base Model Farsi/Documents/medical guidelines/استانداردها/خدمات تعاملی پیچیده,فرم استاندارد خدمات تعاملي پيچيده14000908.pdf,OCR (better),0.0,0.7784,0.7784,/content/drive/MyDrive/Base Model Farsi/Output Texts/فرم استاندارد خدمات تعاملي پيچيده14000908.txt
/content/drive/MyDrive/Base Model Farsi/Documents/medical guidelines/استانداردها/خدمات تعاملی پیچیده,نامه ابلاغ مددکاری.pdf,PyPDF2 (no OCR),0.785,0.0,0.785,/content/drive/MyDrive/Base Model Farsi/Output Texts/نامه ابلاغ مددکاری.txt
/content/drive/MyDrive/Base Model Farsi/Documents/medical guidelines/استانداردها/یورودینامیک_1,یورودینامیک.pdf,PyPDF2 (no OCR),0.7873,0.0,0.7873,/content/drive/MyDrive/Base Model Farsi/Output Texts/یورودینامیک.txt
/content/drive/MyDrive/Base Model Farsi/Documents/medical guidelines/استانداردها/یورودینامیک_1,یورودینامیک1.pdf,PyPDF2 (no OCR),0.776,0.0,0.776,/content/drive/MyDrive/Base Model Farsi/Output Texts/یورودینامیک1.txt
/content/drive/MyDrive/Base Model Farsi/Documents/medical guidelines/استانداردها/فتوتراپی ساده,فتوتراپی ساده.pdf,OCR (better),0.4441,0.6639,0.6639,/content/drive/MyDrive/Base Model Farsi/Output Texts/فتوتراپی ساده.txt
/content/drive/MyDrive/Base Model Farsi/Documents/medical guidelines/استانداردها/HPLC,ازمایش امینو اسید.pdf,PyPDF2 (no OCR),0.7872,0.0,0.7872,/content/drive/MyDrive/Base Model Farsi/Output Texts/ازمایش امینو اسید.txt
/content/drive/MyDrive/Base Model Farsi/Documents/medical guidelines/استانداردها/HPLC,hplc- 9 مرداد.pdf,PyPDF2 (no OCR),0.793,0.0,0.793,/content/drive/MyDrive/Base Model Farsi/Output Texts/hplc- 9 مرداد.txt
/content/drive/MyDrive/Base Model Farsi/Documents/medical guidelines/استانداردها/هیپوترمی,هیپوترمی.pdf,PyPDF2 (no OCR),0.7869,0.0,0.7869,/content/drive/MyDrive/Base Model Farsi/Output Texts/هیپوترمی.txt
/content/drive/MyDrive/Base Model Farsi/Documents/medical guidelines/استانداردها/هیپوترمی,سرما درمانی-ا-1.pdf,PyPDF2 (no OCR),0.7864,0.0,0.7864,/content/drive/MyDrive/Base Model Farsi/Output Texts/سرما درمانی-ا-1.txt
/content/drive/MyDrive/Base Model Farsi/Documents/medical guidelines/استانداردها/مشاوره تغذیه سایر جلسات,مشاوره تغذیه سایر جلسات.pdf,PyPDF2 (no OCR),0.7872,0.0,0.7872,/content/drive/MyDrive/Base Model Farsi/Output Texts/مشاوره تغذیه سایر جلسات.txt
/content/drive/MyDrive/Base Model Farsi/Documents/medical guidelines/استانداردها/پایش نسخ_1,نامه ابلاغ.pdf,Skipped,0,0,0,/content/drive/MyDrive/Base Model Farsi/Output Texts/نامه ابلاغ.txt
/content/drive/MyDrive/Base Model Farsi/Documents/medical guidelines/استانداردها/پایش نسخ_1,پایش نسخ- 1 آذر(اصلاحی).pdf,PyPDF2 (no OCR),0.6488,0.0,0.6488,/content/drive/MyDrive/Base Model Farsi/Output Texts/پایش نسخ- 1 آذر(اصلاحی).txt
/content/drive/MyDrive/Base Model Farsi/Documents/medical guidelines/استانداردها/ROP,معاینه شبکیه نوزاد نارس.pdf,Skipped,0,0,0,/content/drive/MyDrive/Base Model Farsi/Output Texts/معاینه شبکیه نوزاد نارس.txt
/content/drive/MyDrive/Base Model Farsi/Documents/medical guidelines/استانداردها/آندوسکوپی,نامه آندوسکوپی.pdf,PyPDF2 (no OCR),0.7847,0.0,0.7847,/content/drive/MyDrive/Base Model Farsi/Output Texts/نامه آندوسکوپی.txt
/content/drive/MyDrive/Base Model Farsi/Documents/medical guidelines/استانداردها/آندوسکوپی,آندوسکوپی .pdf,OCR (better),0.1874,0.6499,0.6499,/content/drive/MyDrive/Base Model Farsi/Output Texts/آندوسکوپی .txt
/content/drive/MyDrive/Base Model Farsi/Documents/medical guidelines/استانداردها/استاندارد مامایی 1401 - 202311210721541,ویزیت.pdf,PyPDF2 (no OCR),0.787,0.0,0.787,/content/drive/MyDrive/Base Model Farsi/Output Texts/ویزیت.txt
/content/drive/MyDrive/Base Model Farsi/Documents/medical guidelines/استانداردها/استاندارد مامایی 1401 - 202311210721541,ویزیت مامایی.pdf,PyPDF2 (no OCR),0.7948,0.0,0.7948,/content/drive/MyDrive/Base Model Farsi/Output Texts/ویزیت مامایی.txt
/content/drive/MyDrive/Base Model Farsi/Documents/medical guidelines/استانداردها/توانبخشی MS,rehab in MS final.pdf,PyPDF2 (no OCR),0.7876,0.0,0.7876,/content/drive/MyDrive/Base Model Farsi/Output Texts/rehab in MS final.txt
/content/drive/MyDrive/Base Model Farsi/Documents/medical guidelines/استانداردها/بازتوانی قلبی فاز سرپایی,شناسنامه بازتوانی ریه .pdf,Skipped,0,0,0,/content/drive/MyDrive/Base Model Farsi/Output Texts/شناسنامه بازتوانی ریه .txt
/content/drive/MyDrive/Base Model Farsi/Documents/medical guidelines/استانداردها/مشاوره آموزشی مددکاری,فرم استاندارد مشاوره آموزشی 14000908.pdf,OCR (better),0.0,0.7799,0.7799,/content/drive/MyDrive/Base Model Farsi/Output Texts/فرم استاندارد مشاوره آموزشی 14000908.txt
/content/drive/MyDrive/Base Model Farsi/Documents/medical guidelines/استانداردها/مشاوره آموزشی مددکاری,نامه ابلاغ مددکاری.pdf,Skipped,0,0,0,/content/drive/MyDrive/Base Model Farsi/Output Texts/نامه ابلاغ مددکاری.txt
/content/drive/MyDrive/Base Model Farsi/Documents/medical guidelines/استانداردها/ارزیابی اجتماعی بیمار,فرم-استاندارد ارزیابی14000907 .pdf,OCR (better),0.1302,0.7835,0.7835,/content/drive/MyDrive/Base Model Farsi/Output Texts/فرم-استاندارد ارزیابی14000907 .txt
/content/drive/MyDrive/Base Model Farsi/Documents/medical guidelines/استانداردها/ارزیابی اجتماعی بیمار,نامه ابلاغ مددکاری.pdf,Skipped,0,0,0,/content/drive/MyDrive/Base Model Farsi/Output Texts/نامه ابلاغ مددکاری.txt
/content/drive/MyDrive/Base Model Farsi/Documents/medical guidelines/استانداردها/دیستروفی عضلانی,دیستروفی عضلانی.pdf,PyPDF2 (no OCR),0.7952,0.0,0.7952,/content/drive/MyDrive/Base Model Farsi/Output Texts/دیستروفی عضلانی.txt
/content/drive/MyDrive/Base Model Farsi/Documents/medical guidelines/استانداردها/نالوکسان,نامه نالوکسان.pdf,Skipped,0,0,0,/content/drive/MyDrive/Base Model Farsi/Output Texts/نامه نالوکسان.txt
/content/drive/MyDrive/Base Model Farsi/Documents/medical guidelines/استانداردها/نالوکسان,استاندارد نالوکسان-.pdf,PyPDF2 (no OCR),0.7518,0.0,0.7518,/content/drive/MyDrive/Base Model Farsi/Output Texts/استاندارد نالوکسان-.txt
/content/drive/MyDrive/Base Model Farsi/Documents/medical guidelines/استانداردها/نوروفیزیولوژیک,نوروفیزیولوژیک.pdf,PyPDF2 (no OCR),0.7874,0.0,0.7874,/content/drive/MyDrive/Base Model Farsi/Output Texts/نوروفیزیولوژیک.txt
/content/drive/MyDrive/Base Model Farsi/Documents/medical guidelines/استانداردها/نوروفیزیولوژیک,نوروفیزیولوژ1.pdf,PyPDF2 (no OCR),0.7929,0.0,0.7929,/content/drive/MyDrive/Base Model Farsi/Output Texts/نوروفیزیولوژ1.txt
/content/drive/MyDrive/Base Model Farsi/Documents/medical guidelines/استانداردها/CGH,CGH.pdf,PyPDF2 (no OCR),0.7965,0.0,0.7965,/content/drive/MyDrive/Base Model Farsi/Output Texts/CGH.txt
/content/drive/MyDrive/Base Model Farsi/Documents/medical guidelines/استانداردها/کوردیوسنتز,کوردوسنتز.pdf,OCR (better),0.392,0.5844,0.5844,/content/drive/MyDrive/Base Model Farsi/Output Texts/کوردوسنتز.txt
/content/drive/MyDrive/Base Model Farsi/Documents/medical guidelines/استانداردها/آلوگرافت لیمبال ملتحمه,نامه ابلاغ آلوگرافت.pdf,"PyPDF2 (better, OCR worse)",0.5231,0.5064,0.5231,/content/drive/MyDrive/Base Model Farsi/Output Texts/نامه ابلاغ آلوگرافت.txt
/content/drive/MyDrive/Base Model Farsi/Documents/medical guidelines/استانداردها/آلوگرافت لیمبال ملتحمه,ابلاغ آلوگرافت.pdf,PyPDF2 (no OCR),0.7682,0.0,0.7682,/content/drive/MyDrive/Base Model Farsi/Output Texts/ابلاغ آلوگرافت.txt
/content/drive/MyDrive/Base Model Farsi/Documents/medical guidelines/استانداردها/گفتاردرمانی,گفتاردرمانی از راه دور.pdf,OCR (better),0.008,0.7747,0.7747,/content/drive/MyDrive/Base Model Farsi/Output Texts/گفتاردرمانی از راه دور.txt
/content/drive/MyDrive/Base Model Farsi/Documents/medical guidelines/استانداردها/گفتاردرمانی,نامه ابلاغ گفتاردرمانی.pdf,PyPDF2 (no OCR),0.7846,0.0,0.7846,/content/drive/MyDrive/Base Model Farsi/Output Texts/نامه ابلاغ گفتاردرمانی.txt
/content/drive/MyDrive/Base Model Farsi/Documents/medical guidelines/استانداردها/دمانس,شناسنامه دمانس.pdf,PyPDF2 (no OCR),0.7909,0.0,0.7909,/content/drive/MyDrive/Base Model Farsi/Output Texts/شناسنامه دمانس.txt
/content/drive/MyDrive/Base Model Farsi/Documents/medical guidelines/استانداردها/دمانس,نامه ابلاغ.pdf,Skipped,0,0,0,/content/drive/MyDrive/Base Model Farsi/Output Texts/نامه ابلاغ.txt
/content/drive/MyDrive/Base Model Farsi/Documents/medical guidelines/استانداردها/Friedreich ataxia,Friedreich ataxia.pdf,PyPDF2 (no OCR),0.7345,0.0,0.7345,/content/drive/MyDrive/Base Model Farsi/Output Texts/Friedreich ataxia.txt
/content/drive/MyDrive/Base Model Farsi/Documents/medical guidelines/استانداردها/استاندارد فارماکوتراپی جدید اصلاحیه,متن نامه.pdf,PyPDF2 (no OCR),0.7849,0.0,0.7849,/content/drive/MyDrive/Base Model Farsi/Output Texts/متن نامه.txt
/content/drive/MyDrive/Base Model Farsi/Documents/medical guidelines/استانداردها/استاندارد فارماکوتراپی جدید اصلاحیه,اصلاحیه- مشاو.pdf,PyPDF2 (no OCR),0.7931,0.0,0.7931,/content/drive/MyDrive/Base Model Farsi/Output Texts/اصلاحیه- مشاو.txt
/content/drive/MyDrive/Base Model Farsi/Documents/medical guidelines/استانداردها/qPCR,qPCR .pdf,PyPDF2 (no OCR),0.796,0.0,0.796,/content/drive/MyDrive/Base Model Farsi/Output Texts/qPCR .txt
/content/drive/MyDrive/Base Model Farsi/Documents/medical guidelines/استانداردها/EPS قلب,نامه ابلاغ.pdf,Skipped,0,0,0,/content/drive/MyDrive/Base Model Farsi/Output Texts/نامه ابلاغ.txt
/content/drive/MyDrive/Base Model Farsi/Documents/medical guidelines/استانداردها/EPS قلب,(اصلاحی)1 آذر.pdf,Skipped,0,0,0,/content/drive/MyDrive/Base Model Farsi/Output Texts/(اصلاحی)1 آذر.txt
/content/drive/MyDrive/Base Model Farsi/Documents/medical guidelines/استانداردها/دریچه قلب,دریچه قلب.pdf,OCR (better),0.3592,0.6183,0.6183,/content/drive/MyDrive/Base Model Farsi/Output Texts/دریچه قلب.txt
/content/drive/MyDrive/Base Model Farsi/Documents/medical guidelines/استانداردها/Haemophilia B,Haemophilia B.pdf,PyPDF2 (no OCR),0.7965,0.0,0.7965,/content/drive/MyDrive/Base Model Farsi/Output Texts/Haemophilia B.txt
/content/drive/MyDrive/Base Model Farsi/Documents/medical guidelines/استانداردها/پیوند ریه,پیوند ریه.pdf,PyPDF2 (no OCR),0.7872,0.0,0.7872,/content/drive/MyDrive/Base Model Farsi/Output Texts/پیوند ریه.txt
/content/drive/MyDrive/Base Model Farsi/Documents/medical guidelines/استانداردها/پیوند ریه,پیوند ریه1.pdf,PyPDF2 (no OCR),0.7845,0.0,0.7845,/content/drive/MyDrive/Base Model Farsi/Output Texts/پیوند ریه1.txt
/content/drive/MyDrive/Base Model Farsi/Documents/medical guidelines/استانداردها/استاندارد فروزن سکشن,نامه ابلاغ.pdf,Skipped,0,0,0,/content/drive/MyDrive/Base Model Farsi/Output Texts/نامه ابلاغ.txt
/content/drive/MyDrive/Base Model Farsi/Documents/medical guidelines/استانداردها/استاندارد فروزن سکشن,استاندارد فروزن سکشن.pdf,PyPDF2 (no OCR),0.7911,0.0,0.7911,/content/drive/MyDrive/Base Model Farsi/Output Texts/استاندارد فروزن سکشن.txt
/content/drive/MyDrive/Base Model Farsi/Documents/medical guidelines/استانداردها/گردن و مغز,گردن و مغز.pdf,OCR (better),0.0,0.77,0.77,/content/drive/MyDrive/Base Model Farsi/Output Texts/گردن و مغز.txt
/content/drive/MyDrive/Base Model Farsi/Documents/medical guidelines/استانداردها/برونکوسکوپی جهت آسپیراسیون,برونکوسکوپی جهت آسپیراسیون.pdf,OCR (better),0.0,0.5841,0.5841,/content/drive/MyDrive/Base Model Farsi/Output Texts/برونکوسکوپی جهت آسپیراسیون.txt
/content/drive/MyDrive/Base Model Farsi/Documents/medical guidelines/استانداردها/پانکراتیت,پانکراتیت.pdf,PyPDF2 (no OCR),0.7875,0.0,0.7875,/content/drive/MyDrive/Base Model Farsi/Output Texts/پانکراتیت.txt
/content/drive/MyDrive/Base Model Farsi/Documents/medical guidelines/استانداردها/پانکراتیت,نامه ابلاغ.pdf,Skipped,0,0,0,/content/drive/MyDrive/Base Model Farsi/Output Texts/نامه ابلاغ.txt
/content/drive/MyDrive/Base Model Farsi/Documents/medical guidelines/استانداردها/2222_1,سل 2.pdf,PyPDF2 (no OCR),0.787,0.0,0.787,/content/drive/MyDrive/Base Model Farsi/Output Texts/سل 2.txt
/content/drive/MyDrive/Base Model Farsi/Documents/medical guidelines/استانداردها/2222_1/سل فایل,پیش نویس استاندارد آزمایش تعیین مقاومت داروئی مایکوباکتریوم توبرکلوزیس به بداکولین به روش مولکولی.pdf,PyPDF2 (no OCR),0.796,0.0,0.796,/content/drive/MyDrive/Base Model Farsi/Output Texts/پیش نویس استاندارد آزمایش تعیین مقاومت داروئی مایکوباکتریوم توبرکلوزیس به بداکولین به روش مولکولی.txt
/content/drive/MyDrive/Base Model Farsi/Documents/medical guidelines/استانداردها/2222_1/سل فایل,پیش نویس استاندارد آزمایش تعیین مقاومت داروئی مایکوباکتریوم توبرکلوزیس به لوو فلوکساسین به روش مولکولی.pdf,PyPDF2 (no OCR),0.796,0.0,0.796,/content/drive/MyDrive/Base Model Farsi/Output Texts/پیش نویس استاندارد آزمایش تعیین مقاومت داروئی مایکوباکتریوم توبرکلوزیس به لوو فلوکساسین به روش مولکولی.txt
/content/drive/MyDrive/Base Model Farsi/Documents/medical guidelines/استانداردها/2222_1/سل فایل,پیش نویس استاندارد آزمایش تعیین مقاومت داروئی مایکوباکتریوم توبرکلوزیس به دلامانید به روش مولکولی.pdf,PyPDF2 (no OCR),0.796,0.0,0.796,/content/drive/MyDrive/Base Model Farsi/Output Texts/پیش نویس استاندارد آزمایش تعیین مقاومت داروئی مایکوباکتریوم توبرکلوزیس به دلامانید به روش مولکولی.txt
/content/drive/MyDrive/Base Model Farsi/Documents/medical guidelines/استانداردها/2222_1/سل فایل,پیش نویس استاندارد آزمایش تشخیص مولکولی کمپلکس مایکوباکتریوم توبرکلوزیس.pdf,PyPDF2 (no OCR),0.7957,0.0,0.7957,/content/drive/MyDrive/Base Model Farsi/Output Texts/پیش نویس استاندارد آزمایش تشخیص مولکولی کمپلکس مایکوباکتریوم توبرکلوزیس.txt
/content/drive/MyDrive/Base Model Farsi/Documents/medical guidelines/استانداردها/2222_1/سل فایل,پیش نویس استاندارد آزمایش تعیین مقاومت داروئی مایکوباکتریوم توبرکلوزیس به کلوفازمین به روش مولکولی.pdf,PyPDF2 (no OCR),0.7959,0.0,0.7959,/content/drive/MyDrive/Base Model Farsi/Output Texts/پیش نویس استاندارد آزمایش تعیین مقاومت داروئی مایکوباکتریوم توبرکلوزیس به کلوفازمین به روش مولکولی.txt
/content/drive/MyDrive/Base Model Farsi/Documents/medical guidelines/استانداردها/2222_1/سل فایل,پیش نویس استاندارد آزمایش تعیین مقاومت داروئی میکوباکتریوم توبرکلوزیس به لینوزولید به روش مولکولی.pdf,PyPDF2 (no OCR),0.796,0.0,0.796,/content/drive/MyDrive/Base Model Farsi/Output Texts/پیش نویس استاندارد آزمایش تعیین مقاومت داروئی میکوباکتریوم توبرکلوزیس به لینوزولید به روش مولکولی.txt
/content/drive/MyDrive/Base Model Farsi/Documents/medical guidelines/استانداردها/2222_1/سل فایل,پیش نویس استاندارد آزمایش تعیین مقاومت داروئی مایکوباکتریوم توبرکلوزیس به موکسی فلوکساسین به روش مولکولی - copy.pdf,PyPDF2 (no OCR),0.7962,0.0,0.7962,/content/drive/MyDrive/Base Model Farsi/Output Texts/پیش نویس استاندارد آزمایش تعیین مقاومت داروئی مایکوباکتریوم توبرکلوزیس به موکسی فلوکساسین به روش مولکولی - copy.txt
/content/drive/MyDrive/Base Model Farsi/Documents/medical guidelines/استانداردها/فیزیوتراپی نوزادان,فیزیوتراپی نوزادان.pdf,Skipped,0,0,0,/content/drive/MyDrive/Base Model Farsi/Output Texts/فیزیوتراپی نوزادان.txt
/content/drive/MyDrive/Base Model Farsi/Documents/medical guidelines/استانداردها/فیزیوتراپی نوزادان,نامه ابلاغ.pdf,Skipped,0,0,0,/content/drive/MyDrive/Base Model Farsi/Output Texts/نامه ابلاغ.txt
/content/drive/MyDrive/Base Model Farsi/Documents/medical guidelines/استانداردها/نارسایی مزمن,نامه ابلاغ 2.pdf,Skipped,0,0,0,/content/drive/MyDrive/Base Model Farsi/Output Texts/نامه ابلاغ 2.txt
/content/drive/MyDrive/Base Model Farsi/Documents/medical guidelines/استانداردها/نارسایی مزمن,تغذیه در بیماران بستری مبتلا به نارسایی مزمن کلیه بزرگسالان.pdf,PyPDF2 (no OCR),0.7906,0.0,0.7906,/content/drive/MyDrive/Base Model Farsi/Output Texts/تغذیه در بیماران بستری مبتلا به نارسایی مزمن کلیه بزرگسالان.txt
/content/drive/MyDrive/Base Model Farsi/Documents/medical guidelines/استانداردها/mibi,MIBI.pdf,PyPDF2 (no OCR),0.7875,0.0,0.7875,/content/drive/MyDrive/Base Model Farsi/Output Texts/MIBI.txt
/content/drive/MyDrive/Base Model Farsi/Documents/medical guidelines/استانداردها/mibi,sop-mibiنهایی- جهت ابلاغ.pdf,PyPDF2 (no OCR),0.7975,0.0,0.7975,/content/drive/MyDrive/Base Model Farsi/Output Texts/sop-mibiنهایی- جهت ابلاغ.txt
/content/drive/MyDrive/Base Model Farsi/Documents/medical guidelines/استانداردها/شناسنامه و استاندارد خدمت تغذیه_1,تغذیه برای پیشگیری  و درمان فشار خون بالا.pdf,PyPDF2 (no OCR),0.7496,0.0,0.7496,/content/drive/MyDrive/Base Model Farsi/Output Texts/تغذیه برای پیشگیری  و درمان فشار خون بالا.txt
/content/drive/MyDrive/Base Model Farsi/Documents/medical guidelines/استانداردها/شناسنامه و استاندارد خدمت تغذیه_1,تغذيه در  سوء تغذيه سالمندان .pdf,PyPDF2 (no OCR),0.7488,0.0,0.7488,/content/drive/MyDrive/Base Model Farsi/Output Texts/تغذيه در  سوء تغذيه سالمندان .txt
/content/drive/MyDrive/Base Model Farsi/Documents/medical guidelines/استانداردها/شناسنامه و استاندارد خدمت تغذیه_1,تغذیه در بخش مراقبت های ویژه.pdf,PyPDF2 (no OCR),0.7464,0.0,0.7464,/content/drive/MyDrive/Base Model Farsi/Output Texts/تغذیه در بخش مراقبت های ویژه.txt
/content/drive/MyDrive/Base Model Farsi/Documents/medical guidelines/استانداردها/شناسنامه و استاندارد خدمت تغذیه_1,تغذيه در بيماران مبتلا به پرخوری عصبي.pdf,PyPDF2 (no OCR),0.7469,0.0,0.7469,/content/drive/MyDrive/Base Model Farsi/Output Texts/تغذيه در بيماران مبتلا به پرخوری عصبي.txt
/content/drive/MyDrive/Base Model Farsi/Documents/medical guidelines/استانداردها/شناسنامه و استاندارد خدمت تغذیه_1,تغذیه در بیماری ریفلاکس معده به مری.pdf,PyPDF2 (no OCR),0.7454,0.0,0.7454,/content/drive/MyDrive/Base Model Farsi/Output Texts/تغذیه در بیماری ریفلاکس معده به مری.txt
/content/drive/MyDrive/Base Model Farsi/Documents/medical guidelines/استانداردها/شناسنامه و استاندارد خدمت تغذیه_1,تغذیه در بیماری زخم پپتیک.pdf,PyPDF2 (no OCR),0.7399,0.0,0.7399,/content/drive/MyDrive/Base Model Farsi/Output Texts/تغذیه در بیماری زخم پپتیک.txt
/content/drive/MyDrive/Base Model Farsi/Documents/medical guidelines/استانداردها/شناسنامه و استاندارد خدمت تغذیه_1,تغذیه در بیماریهای پانکراس.pdf,PyPDF2 (no OCR),0.7162,0.0,0.7162,/content/drive/MyDrive/Base Model Farsi/Output Texts/تغذیه در بیماریهای پانکراس.txt
/content/drive/MyDrive/Base Model Farsi/Documents/medical guidelines/استانداردها/شناسنامه و استاندارد خدمت تغذیه_1,تغذیه در بیماریهای کبدی.pdf,PyPDF2 (no OCR),0.7476,0.0,0.7476,/content/drive/MyDrive/Base Model Farsi/Output Texts/تغذیه در بیماریهای کبدی.txt
/content/drive/MyDrive/Base Model Farsi/Documents/medical guidelines/استانداردها/شناسنامه و استاندارد خدمت تغذیه_1,تغذیه در یبوست و اسهال.pdf,PyPDF2 (no OCR),0.7439,0.0,0.7439,/content/drive/MyDrive/Base Model Farsi/Output Texts/تغذیه در یبوست و اسهال.txt
/content/drive/MyDrive/Base Model Farsi/Documents/medical guidelines/استانداردها/شناسنامه و استاندارد خدمت تغذیه_1,تغذیه درسوء جذب و بیماری سلیاک.pdf,PyPDF2 (no OCR),0.736,0.0,0.736,/content/drive/MyDrive/Base Model Farsi/Output Texts/تغذیه درسوء جذب و بیماری سلیاک.txt
/content/drive/MyDrive/Base Model Farsi/Documents/medical guidelines/استانداردها/شناسنامه و استاندارد خدمت تغذیه_1,تغذیه دربیماران مبتلا به اختلال سوء مصرف مواد.pdf,PyPDF2 (no OCR),0.7079,0.0,0.7079,/content/drive/MyDrive/Base Model Farsi/Output Texts/تغذیه دربیماران مبتلا به اختلال سوء مصرف مواد.txt
/content/drive/MyDrive/Base Model Farsi/Documents/medical guidelines/استانداردها/شناسنامه و استاندارد خدمت تغذیه_1,تغذيه درماني در افراد مبتلا به بيماري های رواني(اختلالات خلقي).pdf,PyPDF2 (no OCR),0.7481,0.0,0.7481,/content/drive/MyDrive/Base Model Farsi/Output Texts/تغذيه درماني در افراد مبتلا به بيماري های رواني(اختلالات خلقي).txt
/content/drive/MyDrive/Base Model Farsi/Documents/medical guidelines/استانداردها/شناسنامه و استاندارد خدمت تغذیه_1,تغذيه درماني در افراد مبتلا به بيماريهای رواني( اختلال کم توجهي-بيش فعالي.pdf,PyPDF2 (no OCR),0.7486,0.0,0.7486,/content/drive/MyDrive/Base Model Farsi/Output Texts/تغذيه درماني در افراد مبتلا به بيماريهای رواني( اختلال کم توجهي-بيش فعالي.txt
/content/drive/MyDrive/Base Model Farsi/Documents/medical guidelines/استانداردها/شناسنامه و استاندارد خدمت تغذیه_1,تغذيه درماني در بيماران مبتلا به اختلالات خوردن.pdf,PyPDF2 (no OCR),0.7505,0.0,0.7505,/content/drive/MyDrive/Base Model Farsi/Output Texts/تغذيه درماني در بيماران مبتلا به اختلالات خوردن.txt
/content/drive/MyDrive/Base Model Farsi/Documents/medical guidelines/استانداردها/شناسنامه و استاندارد خدمت تغذیه_1,تغذيه و رژیم درمانی در بيماران قلبی و عروقی.pdf,PyPDF2 (no OCR),0.7309,0.0,0.7309,/content/drive/MyDrive/Base Model Farsi/Output Texts/تغذيه و رژیم درمانی در بيماران قلبی و عروقی.txt
/content/drive/MyDrive/Base Model Farsi/Documents/medical guidelines/استانداردها/شناسنامه و استاندارد خدمت تغذیه_1,تغذیه و رژیم درمانی در بیماران مبتلا به اسکیزوفرنی.pdf,PyPDF2 (no OCR),0.7288,0.0,0.7288,/content/drive/MyDrive/Base Model Farsi/Output Texts/تغذیه و رژیم درمانی در بیماران مبتلا به اسکیزوفرنی.txt
/content/drive/MyDrive/Base Model Farsi/Documents/medical guidelines/استانداردها/شناسنامه و استاندارد خدمت تغذیه_1,تغذیه و رژیم درمانی در جراحیهای روده.pdf,PyPDF2 (no OCR),0.7455,0.0,0.7455,/content/drive/MyDrive/Base Model Farsi/Output Texts/تغذیه و رژیم درمانی در جراحیهای روده.txt
/content/drive/MyDrive/Base Model Farsi/Documents/medical guidelines/استانداردها/شناسنامه و استاندارد خدمت تغذیه_1,تغذيه و رژیم درمانی در دوران بارداري .pdf,PyPDF2 (no OCR),0.7515,0.0,0.7515,/content/drive/MyDrive/Base Model Farsi/Output Texts/تغذيه و رژیم درمانی در دوران بارداري .txt
/content/drive/MyDrive/Base Model Farsi/Documents/medical guidelines/استانداردها/شناسنامه و استاندارد خدمت تغذیه_1,تغذیه و رژیم درمانی درسندرم روده تحریک پذیر.pdf,PyPDF2 (no OCR),0.7302,0.0,0.7302,/content/drive/MyDrive/Base Model Farsi/Output Texts/تغذیه و رژیم درمانی درسندرم روده تحریک پذیر.txt
/content/drive/MyDrive/Base Model Farsi/Documents/medical guidelines/استانداردها/شناسنامه و استاندارد خدمت تغذیه_1,تغذیه و رژیم درمانی درمبتلايان به اختلال قند خون.pdf,PyPDF2 (no OCR),0.7958,0.0,0.7958,/content/drive/MyDrive/Base Model Farsi/Output Texts/تغذیه و رژیم درمانی درمبتلايان به اختلال قند خون.txt
/content/drive/MyDrive/Base Model Farsi/Documents/medical guidelines/استانداردها/شناسنامه و استاندارد خدمت تغذیه_1,حمایت های تغذیه ای در بیماران مبتلا به دیسفاژی.pdf,PyPDF2 (no OCR),0.7419,0.0,0.7419,/content/drive/MyDrive/Base Model Farsi/Output Texts/حمایت های تغذیه ای در بیماران مبتلا به دیسفاژی.txt
/content/drive/MyDrive/Base Model Farsi/Documents/medical guidelines/استانداردها/شناسنامه و استاندارد خدمت تغذیه_1,حمایتهای تغذیه ای در بیماریهای تنفسی  .pdf,PyPDF2 (no OCR),0.751,0.0,0.751,/content/drive/MyDrive/Base Model Farsi/Output Texts/حمایتهای تغذیه ای در بیماریهای تنفسی  .txt
/content/drive/MyDrive/Base Model Farsi/Documents/medical guidelines/استانداردها/شناسنامه و استاندارد خدمت تغذیه_1,حمایتهای تغذیه ای در سوختگی ).pdf,PyPDF2 (no OCR),0.7098,0.0,0.7098,/content/drive/MyDrive/Base Model Farsi/Output Texts/حمایتهای تغذیه ای در سوختگی ).txt
/content/drive/MyDrive/Base Model Farsi/Documents/medical guidelines/استانداردها/شناسنامه و استاندارد خدمت تغذیه_1,خدمات مشاوره تغذيه و كنترل وزن در كودكان و نوجوانان  مبتلا به چاقی.pdf,PyPDF2 (no OCR),0.7306,0.0,0.7306,/content/drive/MyDrive/Base Model Farsi/Output Texts/خدمات مشاوره تغذيه و كنترل وزن در كودكان و نوجوانان  مبتلا به چاقی.txt
/content/drive/MyDrive/Base Model Farsi/Documents/medical guidelines/استانداردها/شناسنامه و استاندارد خدمت تغذیه_1,رژيم درماني در بيماران بزرگسال مبتلا به نارسايي مزمن كليه (1).pdf,PyPDF2 (no OCR),0.795,0.0,0.795,/content/drive/MyDrive/Base Model Farsi/Output Texts/رژيم درماني در بيماران بزرگسال مبتلا به نارسايي مزمن كليه (1).txt
/content/drive/MyDrive/Base Model Farsi/Documents/medical guidelines/استانداردها/شناسنامه و استاندارد خدمت تغذیه_1,کاربرد فرکانس رادیویی برای کاهش سایز (RF).pdf,PyPDF2 (no OCR),0.7727,0.0,0.7727,/content/drive/MyDrive/Base Model Farsi/Output Texts/کاربرد فرکانس رادیویی برای کاهش سایز (RF).txt
/content/drive/MyDrive/Base Model Farsi/Documents/medical guidelines/استانداردها/شناسنامه و استاندارد خدمت تغذیه_1,کاربرد اولتراسوند و تکنیک کاویتاسیون برای کاهش سایز موضعی..pdf,PyPDF2 (no OCR),0.747,0.0,0.747,/content/drive/MyDrive/Base Model Farsi/Output Texts/کاربرد اولتراسوند و تکنیک کاویتاسیون برای کاهش سایز موضعی..txt
/content/drive/MyDrive/Base Model Farsi/Documents/medical guidelines/استانداردها/شناسنامه و استاندارد خدمت تغذیه_1,رژیم درمانی در بیماران مبتلا به افسردگی.pdf,PyPDF2 (no OCR),0.7288,0.0,0.7288,/content/drive/MyDrive/Base Model Farsi/Output Texts/رژیم درمانی در بیماران مبتلا به افسردگی.txt
/content/drive/MyDrive/Base Model Farsi/Documents/medical guidelines/استانداردها/شناسنامه و استاندارد خدمت تغذیه_1,کنترل وزن در بزرگسالان مبتلا به اضافه وزن و چاقي.pdf,PyPDF2 (no OCR),0.7506,0.0,0.7506,/content/drive/MyDrive/Base Model Farsi/Output Texts/کنترل وزن در بزرگسالان مبتلا به اضافه وزن و چاقي.txt
/content/drive/MyDrive/Base Model Farsi/Documents/medical guidelines/استانداردها/شناسنامه و استاندارد خدمت تغذیه_1,تغذیه و رژیم درمانی در جراحیهای معده.pdf,PyPDF2 (no OCR),0.7485,0.0,0.7485,/content/drive/MyDrive/Base Model Farsi/Output Texts/تغذیه و رژیم درمانی در جراحیهای معده.txt
/content/drive/MyDrive/Base Model Farsi/Documents/medical guidelines/استانداردها/TBLB,TBLB.pdf,OCR (better),0.3933,0.5848,0.5848,/content/drive/MyDrive/Base Model Farsi/Output Texts/TBLB.txt
/content/drive/MyDrive/Base Model Farsi/Documents/medical guidelines/استانداردها/سونو داپلر,سونو داپلر- ابلاغ.pdf,PyPDF2 (no OCR),0.6148,0.0,0.6148,/content/drive/MyDrive/Base Model Farsi/Output Texts/سونو داپلر- ابلاغ.txt
/content/drive/MyDrive/Base Model Farsi/Documents/medical guidelines/استانداردها/پلی سومنو گرافی,پلی سومنوگرافی.pdf,OCR (better),0.0,0.7362,0.7362,/content/drive/MyDrive/Base Model Farsi/Output Texts/پلی سومنوگرافی.txt
/content/drive/MyDrive/Base Model Farsi/Documents/medical guidelines/استانداردها/PRP,PRP.pdf,PyPDF2 (no OCR),0.6265,0.0,0.6265,/content/drive/MyDrive/Base Model Farsi/Output Texts/PRP.txt
/content/drive/MyDrive/Base Model Farsi/Documents/medical guidelines/استانداردها/سزارین,نسخه دوم سزارین.pdf,PyPDF2 (no OCR),0.6961,0.0,0.6961,/content/drive/MyDrive/Base Model Farsi/Output Texts/نسخه دوم سزارین.txt
/content/drive/MyDrive/Base Model Farsi/Documents/medical guidelines/استانداردها/گردن,سونو داپلر.pdf,PyPDF2 (no OCR),0.7874,0.0,0.7874,/content/drive/MyDrive/Base Model Farsi/Output Texts/سونو داپلر.txt
/content/drive/MyDrive/Base Model Farsi/Documents/medical guidelines/استانداردها/گردن,سونو داپلر- ابلاغ.pdf,Skipped,0,0,0,/content/drive/MyDrive/Base Model Farsi/Output Texts/سونو داپلر- ابلاغ.txt
/content/drive/MyDrive/Base Model Farsi/Documents/medical guidelines/استانداردها/سو تغذیه کودکان,سو تغذیه کودکان.pdf,PyPDF2 (no OCR),0.7842,0.0,0.7842,/content/drive/MyDrive/Base Model Farsi/Output Texts/سو تغذیه کودکان.txt
/content/drive/MyDrive/Base Model Farsi/Documents/medical guidelines/استانداردها/فیبروز سیستیک,نامه ابلاغ 2.pdf,Skipped,0,0,0,/content/drive/MyDrive/Base Model Farsi/Output Texts/نامه ابلاغ 2.txt
/content/drive/MyDrive/Base Model Farsi/Documents/medical guidelines/استانداردها/فیبروز سیستیک,تغذیه در بیماران مبتلا به فیبروز سیستیک.pdf,PyPDF2 (no OCR),0.709,0.0,0.709,/content/drive/MyDrive/Base Model Farsi/Output Texts/تغذیه در بیماران مبتلا به فیبروز سیستیک.txt
/content/drive/MyDrive/Base Model Farsi/Documents/medical guidelines/استانداردها/تکامل 3,تکامل.pdf,PyPDF2 (no OCR),0.7872,0.0,0.7872,/content/drive/MyDrive/Base Model Farsi/Output Texts/تکامل.txt
/content/drive/MyDrive/Base Model Farsi/Documents/medical guidelines/استانداردها/تکامل 3,تکامل (2).pdf,PyPDF2 (no OCR),0.7909,0.0,0.7909,/content/drive/MyDrive/Base Model Farsi/Output Texts/تکامل (2).txt
/content/drive/MyDrive/Base Model Farsi/Documents/medical guidelines/استانداردها/آسپیراسیون درمانی با وارد کردن تیوب,آسپیراسیون درمانی با وارد کردن تیوب.pdf,OCR (better),0.5116,0.6992,0.6992,/content/drive/MyDrive/Base Model Farsi/Output Texts/آسپیراسیون درمانی با وارد کردن تیوب.txt
/content/drive/MyDrive/Base Model Farsi/Documents/medical guidelines/استانداردها/cpm,CPM-نسخه دوم.pdf,PyPDF2 (no OCR),0.7725,0.0,0.7725,/content/drive/MyDrive/Base Model Farsi/Output Texts/CPM-نسخه دوم.txt
/content/drive/MyDrive/Base Model Farsi/Documents/medical guidelines/استانداردها/- cvs,cvs.pdf,OCR (better),0.2208,0.5708,0.5708,/content/drive/MyDrive/Base Model Farsi/Output Texts/cvs.txt
/content/drive/MyDrive/Base Model Farsi/Documents/medical guidelines/استانداردها/سونوگرافی ترانس واژینال,سونو ترانس واژینال.pdf,"PyPDF2 (better, OCR worse)",0.5235,0.5111,0.5235,/content/drive/MyDrive/Base Model Farsi/Output Texts/سونو ترانس واژینال.txt
/content/drive/MyDrive/Base Model Farsi/Documents/medical guidelines/استانداردها/سونوگرافی ترانس واژینال,سونوگرافی ترانس واژینال رحم و تخمدان 16 مهر ماه.pdf,PyPDF2 (no OCR),0.6272,0.0,0.6272,/content/drive/MyDrive/Base Model Farsi/Output Texts/سونوگرافی ترانس واژینال رحم و تخمدان 16 مهر ماه.txt
/content/drive/MyDrive/Base Model Farsi/Documents/medical guidelines/استانداردها/سونوگرافی ترانس واژینال,سونوگرافی ep واژینال-16 مهر ماه.pdf,"PyPDF2 (better, OCR worse)",0.5941,0.5857,0.5941,/content/drive/MyDrive/Base Model Farsi/Output Texts/سونوگرافی ep واژینال-16 مهر ماه.txt
/content/drive/MyDrive/Base Model Farsi/Documents/medical guidelines/استانداردها/سونوگرافی ترانس واژینال,16 مهر ماه- سونوگرافی بارداری ترانس واژینال.pdf,"PyPDF2 (better, OCR worse)",0.5769,0.5695,0.5769,/content/drive/MyDrive/Base Model Farsi/Output Texts/16 مهر ماه- سونوگرافی بارداری ترانس واژینال.txt
/content/drive/MyDrive/Base Model Farsi/Documents/medical guidelines/استانداردها/استانداردهای سونوگرافی,(كالرداپلر رحم و تخمدان (واژينال.pdf,"PyPDF2 (better, OCR worse)",0.571,0.5314,0.571,/content/drive/MyDrive/Base Model Farsi/Output Texts/(كالرداپلر رحم و تخمدان (واژينال.txt
/content/drive/MyDrive/Base Model Farsi/Documents/medical guidelines/استانداردها/استانداردهای سونوگرافی,Biophysical_profile_-NST.pdf,PyPDF2 (no OCR),0.6129,0.0,0.6129,/content/drive/MyDrive/Base Model Farsi/Output Texts/Biophysical_profile_-NST.txt
/content/drive/MyDrive/Base Model Farsi/Documents/medical guidelines/استانداردها/استانداردهای سونوگرافی,بررسی رشد جنین و IUGR غیر داپلر.pdf,PyPDF2 (no OCR),0.6076,0.0,0.6076,/content/drive/MyDrive/Base Model Farsi/Output Texts/بررسی رشد جنین و IUGR غیر داپلر.txt
/content/drive/MyDrive/Base Model Farsi/Documents/medical guidelines/استانداردها/استانداردهای سونوگرافی,سونوگرافی حاملگی.pdf,PyPDF2 (no OCR),0.6021,0.0,0.6021,/content/drive/MyDrive/Base Model Farsi/Output Texts/سونوگرافی حاملگی.txt
/content/drive/MyDrive/Base Model Farsi/Documents/medical guidelines/استانداردها/استانداردهای سونوگرافی,سونوگرافی داپلر جفت از نظر آکرتا.pdf,"PyPDF2 (better, OCR worse)",0.5763,0.5409,0.5763,/content/drive/MyDrive/Base Model Farsi/Output Texts/سونوگرافی داپلر جفت از نظر آکرتا.txt
/content/drive/MyDrive/Base Model Farsi/Documents/medical guidelines/استانداردها/استانداردهای سونوگرافی,سونوگرافی کالر داپلر رحم حامله.pdf,PyPDF2 (no OCR),0.6068,0.0,0.6068,/content/drive/MyDrive/Base Model Farsi/Output Texts/سونوگرافی کالر داپلر رحم حامله.txt
/content/drive/MyDrive/Base Model Farsi/Documents/medical guidelines/استانداردها/استانداردهای سونوگرافی,سونوگرافي NT و يا NB.pdf,"PyPDF2 (better, OCR worse)",0.5733,0.5131,0.5733,/content/drive/MyDrive/Base Model Farsi/Output Texts/سونوگرافي NT و يا NB.txt
/content/drive/MyDrive/Base Model Farsi/Documents/medical guidelines/استانداردها/استانداردهای سونوگرافی,نامه ابلاغ.pdf,Skipped,0,0,0,/content/drive/MyDrive/Base Model Farsi/Output Texts/نامه ابلاغ.txt
/content/drive/MyDrive/Base Model Farsi/Documents/medical guidelines/استانداردها/استانداردهای سونوگرافی,تشخيص مالفورماسيون هاي مادرزادي جنين.pdf,PyPDF2 (no OCR),0.6609,0.0,0.6609,/content/drive/MyDrive/Base Model Farsi/Output Texts/تشخيص مالفورماسيون هاي مادرزادي جنين.txt
/content/drive/MyDrive/Base Model Farsi/Documents/medical guidelines/استانداردها/دیسفاژی,دیسفاژی.pdf,PyPDF2 (no OCR),0.7853,0.0,0.7853,/content/drive/MyDrive/Base Model Farsi/Output Texts/دیسفاژی.txt
/content/drive/MyDrive/Base Model Farsi/Documents/medical guidelines/استانداردها/دیسفاژی,نامه ابلاغ.pdf,Skipped,0,0,0,/content/drive/MyDrive/Base Model Farsi/Output Texts/نامه ابلاغ.txt
/content/drive/MyDrive/Base Model Farsi/Documents/medical guidelines/استانداردها/وزن,استاندارد وزن.pdf,PyPDF2 (no OCR),0.7489,0.0,0.7489,/content/drive/MyDrive/Base Model Farsi/Output Texts/استاندارد وزن.txt
/content/drive/MyDrive/Base Model Farsi/Documents/medical guidelines/استانداردها/وزن,نامه ابلاغ.pdf,Skipped,0,0,0,/content/drive/MyDrive/Base Model Farsi/Output Texts/نامه ابلاغ.txt
/content/drive/MyDrive/Base Model Farsi/Documents/medical guidelines/استانداردها/Myotonic dystrophy,Myotonic dystrophy .pdf,PyPDF2 (no OCR),0.7186,0.0,0.7186,/content/drive/MyDrive/Base Model Farsi/Output Texts/Myotonic dystrophy .txt
/content/drive/MyDrive/Base Model Farsi/Documents/medical guidelines/استانداردها/NGS,NGS.pdf,PyPDF2 (no OCR),0.7931,0.0,0.7931,/content/drive/MyDrive/Base Model Farsi/Output Texts/NGS.txt
/content/drive/MyDrive/Base Model Farsi/Documents/medical guidelines/استانداردها/برونکوسکوپی با برونکوآلوئولار لاواژ,برونکوسکوپی با برونکوآلوئولار لاواژ.pdf,Skipped,0,0,0,/content/drive/MyDrive/Base Model Farsi/Output Texts/برونکوسکوپی با برونکوآلوئولار لاواژ.txt
/content/drive/MyDrive/Base Model Farsi/Documents/medical guidelines/استانداردها/اکو (1),اکو.pdf,PyPDF2 (no OCR),0.7871,0.0,0.7871,/content/drive/MyDrive/Base Model Farsi/Output Texts/اکو.txt
/content/drive/MyDrive/Base Model Farsi/Documents/medical guidelines/استانداردها/اکو (1),fetal echo.pdf,PyPDF2 (no OCR),0.7308,0.0,0.7308,/content/drive/MyDrive/Base Model Farsi/Output Texts/fetal echo.txt
/content/drive/MyDrive/Base Model Farsi/Documents/medical guidelines/استانداردها/کاتتر,کاتتر.pdf,PyPDF2 (no OCR),0.7872,0.0,0.7872,/content/drive/MyDrive/Base Model Farsi/Output Texts/کاتتر.txt
/content/drive/MyDrive/Base Model Farsi/Documents/medical guidelines/استانداردها/کاتتر,کاتتر موقت.pdf,PyPDF2 (no OCR),0.7358,0.0,0.7358,/content/drive/MyDrive/Base Model Farsi/Output Texts/کاتتر موقت.txt
/content/drive/MyDrive/Base Model Farsi/Documents/medical guidelines/استانداردها/tpn,TPN نامه.pdf,PyPDF2 (no OCR),0.7871,0.0,0.7871,/content/drive/MyDrive/Base Model Farsi/Output Texts/TPN نامه.txt
/content/drive/MyDrive/Base Model Farsi/Documents/medical guidelines/استانداردها/tpn,tpn.pdf,PyPDF2 (no OCR),0.7866,0.0,0.7866,/content/drive/MyDrive/Base Model Farsi/Output Texts/tpn.txt
/content/drive/MyDrive/Base Model Farsi/Documents/medical guidelines/استانداردها/شناسنامه زایمان با گاز انتونکس,نامه ابلاغ.pdf,Skipped,0,0,0,/content/drive/MyDrive/Base Model Farsi/Output Texts/نامه ابلاغ.txt
/content/drive/MyDrive/Base Model Farsi/Documents/medical guidelines/استانداردها/شناسنامه زایمان با گاز انتونکس,شناسنامه زایمان با گاز انتونکس.pdf,PyPDF2 (no OCR),0.7887,0.0,0.7887,/content/drive/MyDrive/Base Model Farsi/Output Texts/شناسنامه زایمان با گاز انتونکس.txt
/content/drive/MyDrive/Base Model Farsi/Documents/medical guidelines/استانداردها/شناسنامه زایمان با گاز انتونکس,FORM.pdf,OCR (better),0.3459,0.4124,0.4124,/content/drive/MyDrive/Base Model Farsi/Output Texts/FORM.txt
/content/drive/MyDrive/Base Model Farsi/Documents/medical guidelines/استانداردها/تخلیه درمانی مایع پلور,نامه ابلاغ.pdf,Skipped,0,0,0,/content/drive/MyDrive/Base Model Farsi/Output Texts/نامه ابلاغ.txt
/content/drive/MyDrive/Base Model Farsi/Documents/medical guidelines/استانداردها/تخلیه درمانی مایع پلور,تخلیه درمانی مایع پلور.pdf,PyPDF2 (no OCR),0.7077,0.0,0.7077,/content/drive/MyDrive/Base Model Farsi/Output Texts/تخلیه درمانی مایع پلور.txt
/content/drive/MyDrive/Base Model Farsi/Documents/medical guidelines/استانداردها/ترمیم پری سرویکال رینگ,ترمیم پری سرویکال رینگ.pdf,Skipped,0,0,0,/content/drive/MyDrive/Base Model Farsi/Output Texts/ترمیم پری سرویکال رینگ.txt
/content/drive/MyDrive/Base Model Farsi/Documents/medical guidelines/استانداردها/TAVI شناسنامه و استاندارد خدمت,نامه ابلاغ TAVI.pdf,"PyPDF2 (better, OCR worse)",0.5229,0.4978,0.5229,/content/drive/MyDrive/Base Model Farsi/Output Texts/نامه ابلاغ TAVI.txt
/content/drive/MyDrive/Base Model Farsi/Documents/medical guidelines/استانداردها/TAVI شناسنامه و استاندارد خدمت,TAVI شناسنامه و استاندارد خدمت.pdf,PyPDF2 (no OCR),0.7953,0.0,0.7953,/content/drive/MyDrive/Base Model Farsi/Output Texts/TAVI شناسنامه و استاندارد خدمت.txt
/content/drive/MyDrive/Base Model Farsi/Documents/medical guidelines/استانداردها/مامایی استاندارد,Home_visit_for_infant_261074.pdf,PyPDF2 (no OCR),0.7472,0.0,0.7472,/content/drive/MyDrive/Base Model Farsi/Output Texts/Home_visit_for_infant_261074.txt
/content/drive/MyDrive/Base Model Farsi/Documents/medical guidelines/استانداردها/مامایی استاندارد,Home_visit_for_mother_261075.pdf,PyPDF2 (no OCR),0.7518,0.0,0.7518,/content/drive/MyDrive/Base Model Farsi/Output Texts/Home_visit_for_mother_261075.txt
/content/drive/MyDrive/Base Model Farsi/Documents/medical guidelines/استانداردها/مامایی استاندارد,Preconception_care_261071.pdf,PyPDF2 (no OCR),0.7295,0.0,0.7295,/content/drive/MyDrive/Base Model Farsi/Output Texts/Preconception_care_261071.txt
/content/drive/MyDrive/Base Model Farsi/Documents/medical guidelines/استانداردها/مامایی استاندارد,Early_postpartum_health_care_261070.pdf,PyPDF2 (no OCR),0.7473,0.0,0.7473,/content/drive/MyDrive/Base Model Farsi/Output Texts/Early_postpartum_health_care_261070.txt
/content/drive/MyDrive/Base Model Farsi/Documents/medical guidelines/استانداردها/اشباع همراه با سدیم پتاسیم,استاندارد آزمایش گازهای خوني 801082.pdf,PyPDF2 (no OCR),0.7859,0.0,0.7859,/content/drive/MyDrive/Base Model Farsi/Output Texts/استاندارد آزمایش گازهای خوني 801082.txt
/content/drive/MyDrive/Base Model Farsi/Documents/medical guidelines/استانداردها/اشباع همراه با سدیم پتاسیم,ABGنامه.pdf,PyPDF2 (no OCR),0.785,0.0,0.785,/content/drive/MyDrive/Base Model Farsi/Output Texts/ABGنامه.txt
/content/drive/MyDrive/Base Model Farsi/Documents/medical guidelines/استانداردها/لیزر کم توان,نسخه دوم استاندارد لیزر کم توان 99.pdf,PyPDF2 (no OCR),0.7887,0.0,0.7887,/content/drive/MyDrive/Base Model Farsi/Output Texts/نسخه دوم استاندارد لیزر کم توان 99.txt
/content/drive/MyDrive/Base Model Farsi/Documents/medical guidelines/استانداردها/مامایی,نامه مامایی.pdf,PyPDF2 (no OCR),0.7873,0.0,0.7873,/content/drive/MyDrive/Base Model Farsi/Output Texts/نامه مامایی.txt
/content/drive/MyDrive/Base Model Farsi/Documents/medical guidelines/استانداردها/مامایی,فایل مامایی.pdf,PyPDF2 (no OCR),0.7867,0.0,0.7867,/content/drive/MyDrive/Base Model Farsi/Output Texts/فایل مامایی.txt
/content/drive/MyDrive/Base Model Farsi/Documents/medical guidelines/استانداردها/روده بزرگ فایل,تشخیص سرطان روده.pdf,PyPDF2 (no OCR),0.7905,0.0,0.7905,/content/drive/MyDrive/Base Model Farsi/Output Texts/تشخیص سرطان روده.txt
/content/drive/MyDrive/Base Model Farsi/Documents/medical guidelines/استانداردها/قلب و عروق_1,heart.pdf,"PyPDF2 (better, OCR worse)",0.0722,0.0,0.0722,/content/drive/MyDrive/Base Model Farsi/Output Texts/heart.txt
/content/drive/MyDrive/Base Model Farsi/Documents/medical guidelines/استانداردها/استاندارد خدمات هوا فضا,شناسنامه و استاندارد خدمت درمان آمبولی گازی با اکسیژن پرفشار.pdf,Skipped,0,0,0,/content/drive/MyDrive/Base Model Farsi/Output Texts/شناسنامه و استاندارد خدمت درمان آمبولی گازی با اکسیژن پرفشار.txt
/content/drive/MyDrive/Base Model Farsi/Documents/medical guidelines/استانداردها/استاندارد خدمات هوا فضا,شناسنامه و استاندارد خدمت درمان فلاپ و گرافت مشکل دار با اکسیژن هایپربار .pdf,OCR (better),0.4486,0.7728,0.7728,/content/drive/MyDrive/Base Model Farsi/Output Texts/شناسنامه و استاندارد خدمت درمان فلاپ و گرافت مشکل دار با اکسیژن هایپربار .txt
/content/drive/MyDrive/Base Model Farsi/Documents/medical guidelines/استانداردها/استاندارد خدمات هوا فضا,شناسنامه و استاندارد خدمت درمان با اکسیژن هایپربار در زخم پای دیابتی.pdf,Skipped,0,0,0,/content/drive/MyDrive/Base Model Farsi/Output Texts/شناسنامه و استاندارد خدمت درمان با اکسیژن هایپربار در زخم پای دیابتی.txt
/content/drive/MyDrive/Base Model Farsi/Documents/medical guidelines/استانداردها/استاندارد خدمات هوا فضا,شناسنامه_و_استاندارد_خدمت_درمان استئو میلیت مزمن.pdf,Skipped,0,0,0,/content/drive/MyDrive/Base Model Farsi/Output Texts/شناسنامه_و_استاندارد_خدمت_درمان استئو میلیت مزمن.txt
/content/drive/MyDrive/Base Model Farsi/Documents/medical guidelines/استانداردها/استاندارد خدمات هوا فضا,شناسنامه_و_استاندارد_خدمت_درمان مسمومیت با مونوکسید کربن.pdf,Skipped,0,0,0,/content/drive/MyDrive/Base Model Farsi/Output Texts/شناسنامه_و_استاندارد_خدمت_درمان مسمومیت با مونوکسید کربن.txt
/content/drive/MyDrive/Base Model Farsi/Documents/medical guidelines/استانداردها/استاندارد خدمات هوا فضا,طب هوا و فضا.pdf,"PyPDF2 (better, OCR worse)",0.5021,0.4842,0.5021,/content/drive/MyDrive/Base Model Farsi/Output Texts/طب هوا و فضا.txt
/content/drive/MyDrive/Base Model Farsi/Documents/medical guidelines/استانداردها/حجامت خشک,نامه طب ایرانی.pdf,Skipped,0,0,0,/content/drive/MyDrive/Base Model Farsi/Output Texts/نامه طب ایرانی.txt
/content/drive/MyDrive/Base Model Farsi/Documents/medical guidelines/استانداردها/حجامت خشک,حجامت خشک.pdf,PyPDF2 (no OCR),0.7854,0.0,0.7854,/content/drive/MyDrive/Base Model Farsi/Output Texts/حجامت خشک.txt
/content/drive/MyDrive/Base Model Farsi/Documents/medical guidelines/استانداردها/بانک شیر_1,نامه بانک شیر.pdf,PyPDF2 (no OCR),0.7847,0.0,0.7847,/content/drive/MyDrive/Base Model Farsi/Output Texts/نامه بانک شیر.txt
/content/drive/MyDrive/Base Model Farsi/Documents/medical guidelines/استانداردها/بانک شیر_1,شناسنامه بانک  شیر.pdf,PyPDF2 (no OCR),0.7766,0.0,0.7766,/content/drive/MyDrive/Base Model Farsi/Output Texts/شناسنامه بانک  شیر.txt
/content/drive/MyDrive/Base Model Farsi/Documents/medical guidelines/استانداردها/سرطان,استاندارد سرطان.pdf,PyPDF2 (no OCR),0.7904,0.0,0.7904,/content/drive/MyDrive/Base Model Farsi/Output Texts/استاندارد سرطان.txt
/content/drive/MyDrive/Base Model Farsi/Documents/medical guidelines/استانداردها/سرطان,نامه ابلاغ.pdf,Skipped,0,0,0,/content/drive/MyDrive/Base Model Farsi/Output Texts/نامه ابلاغ.txt
/content/drive/MyDrive/Base Model Farsi/Documents/medical guidelines/استانداردها/برونکوسکوپی جهت تخریب تومور_1,برونکوسکوپی جهت تخریب تومور .pdf,OCR (better),0.3632,0.5791,0.5791,/content/drive/MyDrive/Base Model Farsi/Output Texts/برونکوسکوپی جهت تخریب تومور .txt
/content/drive/MyDrive/Base Model Farsi/Documents/medical guidelines/استانداردها/استاندارد خدمات هوا فضا,شناسنامه استاندارد درمان بیماری برداشت فشار با اکسیژن هایپربار.pdf,OCR (better),0.5071,0.7723,0.7723,/content/drive/MyDrive/Base Model Farsi/Output Texts/شناسنامه استاندارد درمان بیماری برداشت فشار با اکسیژن هایپربار.txt
/content/drive/MyDrive/Base Model Farsi/Documents/medical guidelines/استانداردها/EB استاندارد,نامه ابلاغ.pdf,Skipped,0,0,0,/content/drive/MyDrive/Base Model Farsi/Output Texts/نامه ابلاغ.txt
/content/drive/MyDrive/Base Model Farsi/Documents/medical guidelines/استانداردها/EB استاندارد,استاندارد EB.pdf,PyPDF2 (no OCR),0.7856,0.0,0.7856,/content/drive/MyDrive/Base Model Farsi/Output Texts/استاندارد EB.txt
/content/drive/MyDrive/Base Model Farsi/Documents/medical guidelines/استانداردها/مشاوره,نامه.pdf,Skipped,0,0,0,/content/drive/MyDrive/Base Model Farsi/Output Texts/نامه.txt
/content/drive/MyDrive/Base Model Farsi/Documents/medical guidelines/استانداردها/مشاوره,901980-مشاوره گروهی.pdf,PyPDF2 (no OCR),0.7981,0.0,0.7981,/content/drive/MyDrive/Base Model Farsi/Output Texts/901980-مشاوره گروهی.txt
/content/drive/MyDrive/Base Model Farsi/Documents/medical guidelines/استانداردها/مشاوره,901975-مشاوره فردی.pdf,PyPDF2 (no OCR),0.7949,0.0,0.7949,/content/drive/MyDrive/Base Model Farsi/Output Texts/901975-مشاوره فردی.txt
/content/drive/MyDrive/Base Model Farsi/Documents/medical guidelines/استانداردها/واژینوپلاستی برای دوجنسی,واژینوپلاستی.pdf,PyPDF2 (no OCR),0.6597,0.0,0.6597,/content/drive/MyDrive/Base Model Farsi/Output Texts/واژینوپلاستی.txt
/content/drive/MyDrive/Base Model Farsi/Documents/medical guidelines/استانداردها/آندوسکوپی بینی,آندوسکوپی بینی (نامه).pdf,"PyPDF2 (better, OCR worse)",0.5226,0.5059,0.5226,/content/drive/MyDrive/Base Model Farsi/Output Texts/آندوسکوپی بینی (نامه).txt
/content/drive/MyDrive/Base Model Farsi/Documents/medical guidelines/استانداردها/پونکسیون مایع نخاعی کودکان و نوزادان,پونکسیون مایع نخاعی کودکان و نوزادان.pdf,OCR (better),0.5887,0.6493,0.6493,/content/drive/MyDrive/Base Model Farsi/Output Texts/پونکسیون مایع نخاعی کودکان و نوزادان.txt
/content/drive/MyDrive/Base Model Farsi/Documents/medical guidelines/استانداردها/ترمیم کمپارتمان قدامی,ترمیم کمپارتمان قدامی .pdf,PyPDF2 (no OCR),0.722,0.0,0.722,/content/drive/MyDrive/Base Model Farsi/Output Texts/ترمیم کمپارتمان قدامی .txt
/content/drive/MyDrive/Base Model Farsi/Documents/medical guidelines/استانداردها/شناسنامه ویزیت جامع,شناسنامه ویزیت جامع.pdf,PyPDF2 (no OCR),0.7919,0.0,0.7919,/content/drive/MyDrive/Base Model Farsi/Output Texts/شناسنامه ویزیت جامع.txt
/content/drive/MyDrive/Base Model Farsi/Documents/medical guidelines/استانداردها/آندوسکوپی بینی,آندوسکوپی بینی.pdf,"PyPDF2 (better, OCR worse)",0.5807,0.5612,0.5807,/content/drive/MyDrive/Base Model Farsi/Output Texts/آندوسکوپی بینی.txt
/content/drive/MyDrive/Base Model Farsi/Documents/medical guidelines/استانداردها/شناسنامه و استاندارد همزمانی جراحی کاتاراکت,نامه ابلاغ همزمانی جراحی کاتاراکت.pdf,"PyPDF2 (better, OCR worse)",0.5236,0.5015,0.5236,/content/drive/MyDrive/Base Model Farsi/Output Texts/نامه ابلاغ همزمانی جراحی کاتاراکت.txt
/content/drive/MyDrive/Base Model Farsi/Documents/medical guidelines/استانداردها/شناسنامه و استاندارد همزمانی جراحی کاتاراکت,همزمانی جراحی کاتاراکت.pdf,PyPDF2 (no OCR),0.7921,0.0,0.7921,/content/drive/MyDrive/Base Model Farsi/Output Texts/همزمانی جراحی کاتاراکت.txt
/content/drive/MyDrive/Base Model Farsi/Documents/medical guidelines/استانداردها/TBNA,TBNA.pdf,OCR (better),0.067,0.5654,0.5654,/content/drive/MyDrive/Base Model Farsi/Output Texts/TBNA.txt
/content/drive/MyDrive/Base Model Farsi/Documents/medical guidelines/استانداردها/سمعک,شناسنامه سمعک .pdf,PyPDF2 (no OCR),0.7876,0.0,0.7876,/content/drive/MyDrive/Base Model Farsi/Output Texts/شناسنامه سمعک .txt
/content/drive/MyDrive/Base Model Farsi/Documents/medical guidelines/استانداردها/ترمیم پاراواژثینال از راه شکم و روش جراحی شکمی اصلاح  بی اختیاری استرسی ادرار,یورتروپکسی رتروپوبیک برچ.pdf,PyPDF2 (no OCR),0.7426,0.0,0.7426,/content/drive/MyDrive/Base Model Farsi/Output Texts/یورتروپکسی رتروپوبیک برچ.txt
/content/drive/MyDrive/Base Model Farsi/Documents/medical guidelines/استانداردها/صفاقی بزرگسال_1,دیالیز صفاقی بزرگسال.pdf,PyPDF2 (no OCR),0.7873,0.0,0.7873,/content/drive/MyDrive/Base Model Farsi/Output Texts/دیالیز صفاقی بزرگسال.txt
/content/drive/MyDrive/Base Model Farsi/Documents/medical guidelines/استانداردها/COPD,COPD.pdf,PyPDF2 (no OCR),0.7869,0.0,0.7869,/content/drive/MyDrive/Base Model Farsi/Output Texts/COPD.txt
/content/drive/MyDrive/Base Model Farsi/Documents/medical guidelines/استانداردها/فصد,نامه طب ایرانی.pdf,Skipped,0,0,0,/content/drive/MyDrive/Base Model Farsi/Output Texts/نامه طب ایرانی.txt
/content/drive/MyDrive/Base Model Farsi/Documents/medical guidelines/استانداردها/صفاقی بزرگسال_1,دیالیز صفاقی بزرگسال1.pdf,PyPDF2 (no OCR),0.7909,0.0,0.7909,/content/drive/MyDrive/Base Model Farsi/Output Texts/دیالیز صفاقی بزرگسال1.txt
/content/drive/MyDrive/Base Model Farsi/Documents/medical guidelines/استانداردها/تغذیه در کبد چرب,تغذیه در کبد چرب.pdf,PyPDF2 (no OCR),0.7865,0.0,0.7865,/content/drive/MyDrive/Base Model Farsi/Output Texts/تغذیه در کبد چرب.txt
/content/drive/MyDrive/Base Model Farsi/Documents/medical guidelines/استانداردها/سلول های بنیادی خون ساز,نامه ابلاغ.pdf,Skipped,0,0,0,/content/drive/MyDrive/Base Model Farsi/Output Texts/نامه ابلاغ.txt
/content/drive/MyDrive/Base Model Farsi/Documents/medical guidelines/استانداردها/فصد,فصد.pdf,OCR (better),0.0,0.76,0.76,/content/drive/MyDrive/Base Model Farsi/Output Texts/فصد.txt
/content/drive/MyDrive/Base Model Farsi/Documents/medical guidelines/استانداردها/سلول های بنیادی خون ساز,802705.pdf,OCR (better),0.4098,0.7535,0.7535,/content/drive/MyDrive/Base Model Farsi/Output Texts/802705.txt
/content/drive/MyDrive/Base Model Farsi/Documents/medical guidelines/استانداردها/سلول های بنیادی خون ساز,802700.pdf,OCR (better),0.295,0.7598,0.7598,/content/drive/MyDrive/Base Model Farsi/Output Texts/802700.txt
/content/drive/MyDrive/Base Model Farsi/Documents/medical guidelines/استانداردها/سلول های بنیادی خون ساز,302815.pdf,OCR (better),0.5721,0.7795,0.7795,/content/drive/MyDrive/Base Model Farsi/Output Texts/302815.txt
/content/drive/MyDrive/Base Model Farsi/Documents/medical guidelines/استانداردها/سلول های بنیادی خون ساز,802710.pdf,OCR (better),0.4958,0.7687,0.7687,/content/drive/MyDrive/Base Model Farsi/Output Texts/802710.txt
/content/drive/MyDrive/Base Model Farsi/Documents/medical guidelines/استانداردها/سلول های بنیادی خون ساز,38241.pdf,OCR (better),0.0,0.6564,0.6564,/content/drive/MyDrive/Base Model Farsi/Output Texts/38241.txt
/content/drive/MyDrive/Base Model Farsi/Documents/medical guidelines/استانداردها/کاپنو,کاپنو.pdf,PyPDF2 (no OCR),0.7873,0.0,0.7873,/content/drive/MyDrive/Base Model Farsi/Output Texts/کاپنو.txt
/content/drive/MyDrive/Base Model Farsi/Documents/medical guidelines/استانداردها/کاپنو,کاپنوگرافی.pdf,PyPDF2 (no OCR),0.7379,0.0,0.7379,/content/drive/MyDrive/Base Model Farsi/Output Texts/کاپنوگرافی.txt
/content/drive/MyDrive/Base Model Farsi/Documents/medical guidelines/استانداردها/شناسنامه استاندارد درمان بیماری برداشت فشار با اکسیژن هایپربار_1,شناسنامه استاندارد درمان بیماری برداشت فشار با اکسیژن هایپربار.pdf,Skipped,0,0,0,/content/drive/MyDrive/Base Model Farsi/Output Texts/شناسنامه استاندارد درمان بیماری برداشت فشار با اکسیژن هایپربار.txt
/content/drive/MyDrive/Base Model Farsi/Documents/medical guidelines/استانداردها/Hydrocelectomy1,Hydrocelectomy1.pdf,PyPDF2 (no OCR),0.6913,0.0,0.6913,/content/drive/MyDrive/Base Model Farsi/Output Texts/Hydrocelectomy1.txt
/content/drive/MyDrive/Base Model Farsi/Documents/medical guidelines/استانداردها/فتوتراپی نوزادان مبتلا به زردی,استاندارد فتوتراپی در منزل نهایی (2).pdf,PyPDF2 (no OCR),0.7816,0.0,0.7816,/content/drive/MyDrive/Base Model Farsi/Output Texts/استاندارد فتوتراپی در منزل نهایی (2).txt
/content/drive/MyDrive/Base Model Farsi/Documents/medical guidelines/استانداردها/خدمات سلول درمانی,خدمات سلول درمانی.pdf,PyPDF2 (no OCR),0.7543,0.0,0.7543,/content/drive/MyDrive/Base Model Farsi/Output Texts/خدمات سلول درمانی.txt
/content/drive/MyDrive/Base Model Farsi/Documents/medical guidelines/استانداردها/اضافه بار آهن_1,نامه ابلاغ.pdf,Skipped,0,0,0,/content/drive/MyDrive/Base Model Farsi/Output Texts/نامه ابلاغ.txt
/content/drive/MyDrive/Base Model Farsi/Documents/medical guidelines/استانداردها/اضافه بار آهن_1,اضافه بار آهن.pdf,PyPDF2 (no OCR),0.7858,0.0,0.7858,/content/drive/MyDrive/Base Model Farsi/Output Texts/اضافه بار آهن.txt
/content/drive/MyDrive/Base Model Farsi/Documents/medical guidelines/استانداردها/براکی تراپی,براکی تراپی 1 اسفند.pdf,PyPDF2 (no OCR),0.7886,0.0,0.7886,/content/drive/MyDrive/Base Model Farsi/Output Texts/براکی تراپی 1 اسفند.txt
/content/drive/MyDrive/Base Model Farsi/Documents/medical guidelines/استانداردها/براکی تراپی,نامه ابلاغ.pdf,Skipped,0,0,0,/content/drive/MyDrive/Base Model Farsi/Output Texts/نامه ابلاغ.txt
/content/drive/MyDrive/Base Model Farsi/Documents/medical guidelines/استانداردها/سلول های بنیادی خون ساز,38240.pdf,OCR (better),0.0,0.701,0.701,/content/drive/MyDrive/Base Model Farsi/Output Texts/38240.txt
/content/drive/MyDrive/Base Model Farsi/Documents/medical guidelines/استانداردها/آزمایش گازهای خونیBlood gas,استاندارد آزمایش گازهای خوني 801080.pdf,PyPDF2 (no OCR),0.7581,0.0,0.7581,/content/drive/MyDrive/Base Model Farsi/Output Texts/استاندارد آزمایش گازهای خوني 801080.txt
/content/drive/MyDrive/Base Model Farsi/Documents/medical guidelines/استانداردها/آزمایش گازهای خونیBlood gas,ABGنامه.pdf,Skipped,0,0,0,/content/drive/MyDrive/Base Model Farsi/Output Texts/ABGنامه.txt
/content/drive/MyDrive/Base Model Farsi/Documents/medical guidelines/استانداردها/استاندارد کاتتر شریان نافی نوزاد,نامه ابلاغ.pdf,Skipped,0,0,0,/content/drive/MyDrive/Base Model Farsi/Output Texts/نامه ابلاغ.txt
/content/drive/MyDrive/Base Model Farsi/Documents/medical guidelines/استانداردها/استاندارد کاتتر شریان نافی نوزاد,استاندارد کاتتر شریان نافی نوزاد.pdf,PyPDF2 (no OCR),0.7727,0.0,0.7727,/content/drive/MyDrive/Base Model Farsi/Output Texts/استاندارد کاتتر شریان نافی نوزاد.txt
/content/drive/MyDrive/Base Model Farsi/Documents/medical guidelines/استانداردها/SOP Gated MPI,SOP Gated MPI .pdf,OCR (better),0.0,0.7734,0.7734,/content/drive/MyDrive/Base Model Farsi/Output Texts/SOP Gated MPI .txt
/content/drive/MyDrive/Base Model Farsi/Documents/medical guidelines/استانداردها/مگنت تراپی,بازنگری استاندارد مگنت تراپی 99.pdf,PyPDF2 (no OCR),0.7693,0.0,0.7693,/content/drive/MyDrive/Base Model Farsi/Output Texts/بازنگری استاندارد مگنت تراپی 99.txt
/content/drive/MyDrive/Base Model Farsi/Documents/medical guidelines/استانداردها/آزمایش ناهنجاری جنین,نامه ابلاغ (آزمایش ناهنجاری جنین).pdf,"PyPDF2 (better, OCR worse)",0.5238,0.5086,0.5238,/content/drive/MyDrive/Base Model Farsi/Output Texts/نامه ابلاغ (آزمایش ناهنجاری جنین).txt
/content/drive/MyDrive/Base Model Farsi/Documents/medical guidelines/استانداردها/برونکوسکوپی و بیوپسی از برنش,برونکوسکوپی و بیوپسی از برنش.pdf,OCR (better),0.0,0.57,0.57,/content/drive/MyDrive/Base Model Farsi/Output Texts/برونکوسکوپی و بیوپسی از برنش.txt
/content/drive/MyDrive/Base Model Farsi/Documents/medical guidelines/استانداردها/آزمایش ناهنجاری جنین,ناهنجاری جنین.pdf,PyPDF2 (no OCR),0.7834,0.0,0.7834,/content/drive/MyDrive/Base Model Farsi/Output Texts/ناهنجاری جنین.txt
/content/drive/MyDrive/Base Model Farsi/Documents/medical guidelines/استانداردها/سنجش استخوان,استاندارد خدمت دانسیتومتری .pdf,PyPDF2 (no OCR),0.7875,0.0,0.7875,/content/drive/MyDrive/Base Model Farsi/Output Texts/استاندارد خدمت دانسیتومتری .txt
/content/drive/MyDrive/Base Model Farsi/Documents/medical guidelines/استانداردها/سنجش استخوان,نامه تراکم استخوان.pdf,PyPDF2 (no OCR),0.7847,0.0,0.7847,/content/drive/MyDrive/Base Model Farsi/Output Texts/نامه تراکم استخوان.txt
/content/drive/MyDrive/Base Model Farsi/Documents/medical guidelines/استانداردها/شناسنامه ویزیت محدود اورژانس,شناسنامه ویزیت محدود اورژانس.pdf,PyPDF2 (no OCR),0.793,0.0,0.793,/content/drive/MyDrive/Base Model Farsi/Output Texts/شناسنامه ویزیت محدود اورژانس.txt
/content/drive/MyDrive/Base Model Farsi/Documents/medical guidelines/استانداردها/اکوکاردیوگرافی از راه مری_1,اکوکاردیوگرافی از راه مری.pdf,Skipped,0,0,0,/content/drive/MyDrive/Base Model Farsi/Output Texts/اکوکاردیوگرافی از راه مری.txt
/content/drive/MyDrive/Base Model Farsi/Documents/medical guidelines/استانداردها/اکو,اکو مادرزادی.pdf,PyPDF2 (no OCR),0.7874,0.0,0.7874,/content/drive/MyDrive/Base Model Farsi/Output Texts/اکو مادرزادی.txt
/content/drive/MyDrive/Base Model Farsi/Documents/medical guidelines/استانداردها/اکو,نهایی جهت ابلاغ.pdf,PyPDF2 (no OCR),0.785,0.0,0.785,/content/drive/MyDrive/Base Model Farsi/Output Texts/نهایی جهت ابلاغ.txt
/content/drive/MyDrive/Base Model Farsi/Documents/medical guidelines/استانداردها/شاک ویو,بازنگری استاندارد شاک ویو 99.pdf,PyPDF2 (no OCR),0.7575,0.0,0.7575,/content/drive/MyDrive/Base Model Farsi/Output Texts/بازنگری استاندارد شاک ویو 99.txt
/content/drive/MyDrive/Base Model Farsi/Documents/medical guidelines/استانداردها/فیت عینک,نامه ابلاغ فیت عینک.pdf,"PyPDF2 (better, OCR worse)",0.5221,0.5084,0.5221,/content/drive/MyDrive/Base Model Farsi/Output Texts/نامه ابلاغ فیت عینک.txt
/content/drive/MyDrive/Base Model Farsi/Documents/medical guidelines/استانداردها/فیت عینک,فیت عینک 30 مرد.pdf,PyPDF2 (no OCR),0.7897,0.0,0.7897,/content/drive/MyDrive/Base Model Farsi/Output Texts/فیت عینک 30 مرد.txt
/content/drive/MyDrive/Base Model Farsi/Documents/medical guidelines/استانداردها/استرس اکو_1,استاندارد استرس اکو.pdf,Skipped,0,0,0,/content/drive/MyDrive/Base Model Farsi/Output Texts/استاندارد استرس اکو.txt
/content/drive/MyDrive/Base Model Farsi/Documents/medical guidelines/استانداردها/Urethrotomy,Urethrotomy.pdf,PyPDF2 (no OCR),0.6704,0.0,0.6704,/content/drive/MyDrive/Base Model Farsi/Output Texts/Urethrotomy.txt
/content/drive/MyDrive/Base Model Farsi/Documents/medical guidelines/استانداردها/تغذیه,نامه ابلاغ تغذیه.pdf,"PyPDF2 (better, OCR worse)",0.529,0.4954,0.529,/content/drive/MyDrive/Base Model Farsi/Output Texts/نامه ابلاغ تغذیه.txt
/content/drive/MyDrive/Base Model Farsi/Documents/medical guidelines/استانداردها/تغذیه,تغذیه دربیماران بستری مبتلا به آسم.pdf,PyPDF2 (no OCR),0.7907,0.0,0.7907,/content/drive/MyDrive/Base Model Farsi/Output Texts/تغذیه دربیماران بستری مبتلا به آسم.txt
/content/drive/MyDrive/Base Model Farsi/Documents/medical guidelines/استانداردها/تغذیه,تغذیه در بیماران بستری مبتلا به پنومونی.pdf,PyPDF2 (no OCR),0.7943,0.0,0.7943,/content/drive/MyDrive/Base Model Farsi/Output Texts/تغذیه در بیماران بستری مبتلا به پنومونی.txt
/content/drive/MyDrive/Base Model Farsi/Documents/medical guidelines/استانداردها/تغذیه,تغذیه در بیماران بستری مبتلا به سل.pdf,PyPDF2 (no OCR),0.7895,0.0,0.7895,/content/drive/MyDrive/Base Model Farsi/Output Texts/تغذیه در بیماران بستری مبتلا به سل.txt
/content/drive/MyDrive/Base Model Farsi/Documents/medical guidelines/استانداردها/بازتوانی سکته مغزی,شناسنامه توانبخشی سکته مغزی .pdf,PyPDF2 (no OCR),0.7862,0.0,0.7862,/content/drive/MyDrive/Base Model Farsi/Output Texts/شناسنامه توانبخشی سکته مغزی .txt
/content/drive/MyDrive/Base Model Farsi/Documents/medical guidelines/استانداردها/ترمیم انتروسل از راه واژن,ترمیم انتروسل از راه واژن.pdf,OCR (better),0.5984,0.7481,0.7481,/content/drive/MyDrive/Base Model Farsi/Output Texts/ترمیم انتروسل از راه واژن.txt
/content/drive/MyDrive/Base Model Farsi/Documents/medical guidelines/استانداردها/حجامت,نامه طب ایرانی.pdf,Skipped,0,0,0,/content/drive/MyDrive/Base Model Farsi/Output Texts/نامه طب ایرانی.txt
/content/drive/MyDrive/Base Model Farsi/Documents/medical guidelines/استانداردها/حجامت,حجامت- .pdf,PyPDF2 (no OCR),0.7856,0.0,0.7856,/content/drive/MyDrive/Base Model Farsi/Output Texts/حجامت- .txt
/content/drive/MyDrive/Base Model Farsi/Documents/medical guidelines/استانداردها/حاملگی,حاملگی.pdf,OCR (better),0.0,0.5836,0.5836,/content/drive/MyDrive/Base Model Farsi/Output Texts/حاملگی.txt
/content/drive/MyDrive/Base Model Farsi/Documents/medical guidelines/استانداردها/PKU,PKU  .pdf,PyPDF2 (no OCR),0.7968,0.0,0.7968,/content/drive/MyDrive/Base Model Farsi/Output Texts/PKU  .txt
/content/drive/MyDrive/Base Model Farsi/Documents/medical guidelines/استانداردها/sacrocolpopexy or hysteropexy,sacrocolpopexy or hysteropexy.pdf,OCR (better),0.3227,0.7486,0.7486,/content/drive/MyDrive/Base Model Farsi/Output Texts/sacrocolpopexy or hysteropexy.txt
/content/drive/MyDrive/Base Model Farsi/Documents/medical guidelines/استانداردها/شناسنامه و استاندارد خدمت درمان فلاپ و گرافت مشکل دار با اکسیژن هایپربار_1,شناسنامه و استاندارد خدمت درمان فلاپ و گرافت مشکل دار با اکسیژن هایپربار .pdf,Skipped,0,0,0,/content/drive/MyDrive/Base Model Farsi/Output Texts/شناسنامه و استاندارد خدمت درمان فلاپ و گرافت مشکل دار با اکسیژن هایپربار .txt
/content/drive/MyDrive/Base Model Farsi/Documents/medical guidelines/استانداردها/VNS,نامه ابلاغ.pdf,Skipped,0,0,0,/content/drive/MyDrive/Base Model Farsi/Output Texts/نامه ابلاغ.txt
/content/drive/MyDrive/Base Model Farsi/Documents/medical guidelines/استانداردها/فتوتراپی شدید,فتوتراپی شدید.pdf,OCR (better),0.5881,0.6941,0.6941,/content/drive/MyDrive/Base Model Farsi/Output Texts/فتوتراپی شدید.txt
/content/drive/MyDrive/Base Model Farsi/Documents/medical guidelines/استانداردها/SDFI استاندارد,نامه ابلاغ.pdf,Skipped,0,0,0,/content/drive/MyDrive/Base Model Farsi/Output Texts/نامه ابلاغ.txt
/content/drive/MyDrive/Base Model Farsi/Documents/medical guidelines/استانداردها/SDFI استاندارد,استاندارد SDFI.pdf,PyPDF2 (no OCR),0.779,0.0,0.779,/content/drive/MyDrive/Base Model Farsi/Output Texts/استاندارد SDFI.txt
/content/drive/MyDrive/Base Model Farsi/Documents/medical guidelines/استانداردها/PSA-MILD شناسنامه و استاندارد خدمت,نامه ابلاغ PSA-MILD.pdf,"PyPDF2 (better, OCR worse)",0.5249,0.4998,0.5249,/content/drive/MyDrive/Base Model Farsi/Output Texts/نامه ابلاغ PSA-MILD.txt
/content/drive/MyDrive/Base Model Farsi/Documents/medical guidelines/استانداردها/PSA-MILD شناسنامه و استاندارد خدمت,PSA-MILD شناسنامه و استاندارد خدمت.pdf,PyPDF2 (no OCR),0.792,0.0,0.792,/content/drive/MyDrive/Base Model Farsi/Output Texts/PSA-MILD شناسنامه و استاندارد خدمت.txt
/content/drive/MyDrive/Base Model Farsi/Documents/medical guidelines/استانداردها/بستری توانبخشی,بستری توان.pdf,PyPDF2 (no OCR),0.7874,0.0,0.7874,/content/drive/MyDrive/Base Model Farsi/Output Texts/بستری توان.txt
/content/drive/MyDrive/Base Model Farsi/Documents/medical guidelines/استانداردها/بستری توانبخشی,-توانبخشی فاینال.pdf,PyPDF2 (no OCR),0.7894,0.0,0.7894,/content/drive/MyDrive/Base Model Farsi/Output Texts/-توانبخشی فاینال.txt
/content/drive/MyDrive/Base Model Farsi/Documents/medical guidelines/استانداردها/گواهی فوت,گواهی فوت.pdf,PyPDF2 (no OCR),0.7871,0.0,0.7871,/content/drive/MyDrive/Base Model Farsi/Output Texts/گواهی فوت.txt
/content/drive/MyDrive/Base Model Farsi/Documents/medical guidelines/استانداردها/گواهی فوت,استاندارد فوت.pdf,PyPDF2 (no OCR),0.7626,0.0,0.7626,/content/drive/MyDrive/Base Model Farsi/Output Texts/استاندارد فوت.txt
/content/drive/MyDrive/Base Model Farsi/Documents/medical guidelines/استانداردها/هیسترکتومی رادیکال(نسخه دوم(,هیسترکتومی رادیکال(نسخه دوم( .pdf,PyPDF2 (no OCR),0.7237,0.0,0.7237,/content/drive/MyDrive/Base Model Farsi/Output Texts/هیسترکتومی رادیکال(نسخه دوم( .txt
/content/drive/MyDrive/Base Model Farsi/Documents/medical guidelines/استانداردها/اتوگرافت لیمبال ملتحمه,نامه ابلاغ اتوگرافت.pdf,"PyPDF2 (better, OCR worse)",0.5223,0.5087,0.5223,/content/drive/MyDrive/Base Model Farsi/Output Texts/نامه ابلاغ اتوگرافت.txt
/content/drive/MyDrive/Base Model Farsi/Documents/medical guidelines/استانداردها/اتوگرافت لیمبال ملتحمه,ابلاغ اتوگرافت.pdf,PyPDF2 (no OCR),0.7895,0.0,0.7895,/content/drive/MyDrive/Base Model Farsi/Output Texts/ابلاغ اتوگرافت.txt
/content/drive/MyDrive/Base Model Farsi/Documents/medical guidelines/استانداردها/اکمو,استاندارد  کرونا اکمو.pdf,PyPDF2 (no OCR),0.7287,0.0,0.7287,/content/drive/MyDrive/Base Model Farsi/Output Texts/استاندارد  کرونا اکمو.txt
/content/drive/MyDrive/Base Model Farsi/Documents/medical guidelines/استانداردها/سرطان پستان_3,سرطان پستان.pdf,PyPDF2 (no OCR),0.7873,0.0,0.7873,/content/drive/MyDrive/Base Model Farsi/Output Texts/سرطان پستان.txt
/content/drive/MyDrive/Base Model Farsi/Documents/medical guidelines/استانداردها/VNS,VNS.pdf,OCR (better),0.5199,0.6782,0.6782,/content/drive/MyDrive/Base Model Farsi/Output Texts/VNS.txt
/content/drive/MyDrive/Base Model Farsi/Documents/medical guidelines/استانداردها/سرطان پستان_3,تشخیص زودهنگام سرطان پستان نهایی.pdf,PyPDF2 (no OCR),0.7952,0.0,0.7952,/content/drive/MyDrive/Base Model Farsi/Output Texts/تشخیص زودهنگام سرطان پستان نهایی.txt
/content/drive/MyDrive/Base Model Farsi/Documents/medical guidelines/دستورالعمل‌ها/مراقبت های دارویی,استاندارد دارویی.pdf,PyPDF2 (no OCR),0.7853,0.0,0.7853,/content/drive/MyDrive/Base Model Farsi/Output Texts/استاندارد دارویی.txt
/content/drive/MyDrive/Base Model Farsi/Documents/medical guidelines/دستورالعمل‌ها/مراقبت های دارویی,بخش مراقبت های داروئی.pdf,PyPDF2 (no OCR),0.7959,0.0,0.7959,/content/drive/MyDrive/Base Model Farsi/Output Texts/بخش مراقبت های داروئی.txt
/content/drive/MyDrive/Base Model Farsi/Documents/medical guidelines/استانداردها/EEG,-EEGاستاندارد.pdf,OCR (better),0.0,0.7668,0.7668,/content/drive/MyDrive/Base Model Farsi/Output Texts/-EEGاستاندارد.txt
/content/drive/MyDrive/Base Model Farsi/Documents/medical guidelines/دستورالعمل‌ها/ms,مراقبت ام اس در منزل.pdf,PyPDF2 (no OCR),0.7872,0.0,0.7872,/content/drive/MyDrive/Base Model Farsi/Output Texts/مراقبت ام اس در منزل.txt
/content/drive/MyDrive/Base Model Farsi/Documents/medical guidelines/دستورالعمل‌ها/ms,home care ms.pdf,PyPDF2 (no OCR),0.7903,0.0,0.7903,/content/drive/MyDrive/Base Model Farsi/Output Texts/home care ms.txt
/content/drive/MyDrive/Base Model Farsi/Documents/medical guidelines/دستورالعمل‌ها/توانبخشی در آسیب نخاعی,نامه ابلاغ توانبخشی.pdf,PyPDF2 (no OCR),0.7846,0.0,0.7846,/content/drive/MyDrive/Base Model Farsi/Output Texts/نامه ابلاغ توانبخشی.txt
/content/drive/MyDrive/Base Model Farsi/Documents/medical guidelines/دستورالعمل‌ها/SMA,نامه اس ام ای.pdf,"PyPDF2 (better, OCR worse)",0.5133,0.5004,0.5133,/content/drive/MyDrive/Base Model Farsi/Output Texts/نامه اس ام ای.txt
/content/drive/MyDrive/Base Model Farsi/Documents/medical guidelines/دستورالعمل‌ها/SMA,توانبخشی در sma.pdf,PyPDF2 (no OCR),0.7852,0.0,0.7852,/content/drive/MyDrive/Base Model Farsi/Output Texts/توانبخشی در sma.txt
/content/drive/MyDrive/Base Model Farsi/Documents/medical guidelines/دستورالعمل‌ها/کوید 19,کووید.pdf,PyPDF2 (no OCR),0.7872,0.0,0.7872,/content/drive/MyDrive/Base Model Farsi/Output Texts/کووید.txt
/content/drive/MyDrive/Base Model Farsi/Documents/medical guidelines/دستورالعمل‌ها/کوید 19,نهایی نسخه دوازدهم درمان سرپایی و بستری کووید-19.pdf,PyPDF2 (no OCR),0.7871,0.0,0.7871,/content/drive/MyDrive/Base Model Farsi/Output Texts/نهایی نسخه دوازدهم درمان سرپایی و بستری کووید-19.txt
/content/drive/MyDrive/Base Model Farsi/Documents/medical guidelines/دستورالعمل‌ها/مراقبت های ویژه کودکان,نامه ابلاغ.pdf,Skipped,0,0,0,/content/drive/MyDrive/Base Model Farsi/Output Texts/نامه ابلاغ.txt
/content/drive/MyDrive/Base Model Farsi/Documents/medical guidelines/دستورالعمل‌ها/مراقبت های ویژه کودکان,دستورالعمل مراقبت های ویژه کودکان.pdf,PyPDF2 (no OCR),0.785,0.0,0.785,/content/drive/MyDrive/Base Model Farsi/Output Texts/دستورالعمل مراقبت های ویژه کودکان.txt
/content/drive/MyDrive/Base Model Farsi/Documents/medical guidelines/دستورالعمل‌ها/دستورالعمل,نامه مجیک ماشروم.pdf,PyPDF2 (no OCR),0.7868,0.0,0.7868,/content/drive/MyDrive/Base Model Farsi/Output Texts/نامه مجیک ماشروم.txt
/content/drive/MyDrive/Base Model Farsi/Documents/medical guidelines/دستورالعمل‌ها/رقیق سازی حاد خون,راهنمای رقیق سازی حاد خون با حفظ حجم طبیعی.pdf,OCR (better),0.5277,0.7636,0.7636,/content/drive/MyDrive/Base Model Farsi/Output Texts/راهنمای رقیق سازی حاد خون با حفظ حجم طبیعی.txt
/content/drive/MyDrive/Base Model Farsi/Documents/medical guidelines/دستورالعمل‌ها/غربالگری قلبی,غربالگری قلبی.pdf,PyPDF2 (no OCR),0.7872,0.0,0.7872,/content/drive/MyDrive/Base Model Farsi/Output Texts/غربالگری قلبی.txt
/content/drive/MyDrive/Base Model Farsi/Documents/medical guidelines/دستورالعمل‌ها/غربالگری قلبی,مجموعه دستورالعمل بالینی غربالگری بیماری های قلبی مادرزادی4-11-1401.pdf,PyPDF2 (no OCR),0.7443,0.0,0.7443,/content/drive/MyDrive/Base Model Farsi/Output Texts/مجموعه دستورالعمل بالینی غربالگری بیماری های قلبی مادرزادی4-11-1401.txt
/content/drive/MyDrive/Base Model Farsi/Documents/medical guidelines/دستورالعمل‌ها/مدیریت خونریزی مامایی,مسیر بالینی مدیریت خونریزی مامامی.pdf,PyPDF2 (no OCR),0.7936,0.0,0.7936,/content/drive/MyDrive/Base Model Farsi/Output Texts/مسیر بالینی مدیریت خونریزی مامامی.txt
/content/drive/MyDrive/Base Model Farsi/Documents/medical guidelines/دستورالعمل‌ها/مدیریت خونریزی مامایی,نامه ابلاغ  خونریزی مامایی.pdf,PyPDF2 (no OCR),0.7845,0.0,0.7845,/content/drive/MyDrive/Base Model Farsi/Output Texts/نامه ابلاغ  خونریزی مامایی.txt
/content/drive/MyDrive/Base Model Farsi/Documents/medical guidelines/دستورالعمل‌ها/پوست نوزاد,نامه پوست نوزاد.pdf,PyPDF2 (no OCR),0.7847,0.0,0.7847,/content/drive/MyDrive/Base Model Farsi/Output Texts/نامه پوست نوزاد.txt
/content/drive/MyDrive/Base Model Farsi/Documents/medical guidelines/دستورالعمل‌ها/پوست نوزاد,دستورعمل مراقبت از پوست نوزاد .pdf,PyPDF2 (no OCR),0.7778,0.0,0.7778,/content/drive/MyDrive/Base Model Farsi/Output Texts/دستورعمل مراقبت از پوست نوزاد .txt
/content/drive/MyDrive/Base Model Farsi/Documents/medical guidelines/دستورالعمل‌ها/COPDدستورالعمل مسیربندی بالینی,نامه ابلاغ COPD.pdf,"PyPDF2 (better, OCR worse)",0.5223,0.4939,0.5223,/content/drive/MyDrive/Base Model Farsi/Output Texts/نامه ابلاغ COPD.txt
/content/drive/MyDrive/Base Model Farsi/Documents/medical guidelines/دستورالعمل‌ها/COPDدستورالعمل مسیربندی بالینی,2 ابان.pdf,PyPDF2 (no OCR),0.7448,0.0,0.7448,/content/drive/MyDrive/Base Model Farsi/Output Texts/2 ابان.txt
/content/drive/MyDrive/Base Model Farsi/Documents/medical guidelines/دستورالعمل‌ها/پای دیابتی,پا دیابت نامه.pdf,PyPDF2 (no OCR),0.7845,0.0,0.7845,/content/drive/MyDrive/Base Model Farsi/Output Texts/پا دیابت نامه.txt
/content/drive/MyDrive/Base Model Farsi/Documents/medical guidelines/دستورالعمل‌ها/پای دیابتی,مدل ارایه خدمت به بیماران مبتلا به زخم پای دیابتی.pdf,PyPDF2 (no OCR),0.7851,0.0,0.7851,/content/drive/MyDrive/Base Model Farsi/Output Texts/مدل ارایه خدمت به بیماران مبتلا به زخم پای دیابتی.txt
/content/drive/MyDrive/Base Model Farsi/Documents/medical guidelines/دستورالعمل‌ها/هیپوترمی,نامه هیپو ترمی.pdf,PyPDF2 (no OCR),0.7848,0.0,0.7848,/content/drive/MyDrive/Base Model Farsi/Output Texts/نامه هیپو ترمی.txt
/content/drive/MyDrive/Base Model Farsi/Documents/medical guidelines/دستورالعمل‌ها/هیپوترمی,Hypothermia .pdf,PyPDF2 (no OCR),0.7761,0.0,0.7761,/content/drive/MyDrive/Base Model Farsi/Output Texts/Hypothermia .txt
/content/drive/MyDrive/Base Model Farsi/Documents/medical guidelines/دستورالعمل‌ها/برچسب گذاری دارو با هشدار بالا,نامه ابلاغ.pdf,Skipped,0,0,0,/content/drive/MyDrive/Base Model Farsi/Output Texts/نامه ابلاغ.txt
/content/drive/MyDrive/Base Model Farsi/Documents/medical guidelines/دستورالعمل‌ها/برچسب گذاری دارو با هشدار بالا,پیوست شماره2 هشداربالا.pdf,"PyPDF2 (better, OCR worse)",0.4714,0.4281,0.4714,/content/drive/MyDrive/Base Model Farsi/Output Texts/پیوست شماره2 هشداربالا.txt
/content/drive/MyDrive/Base Model Farsi/Documents/medical guidelines/دستورالعمل‌ها/برچسب گذاری دارو با هشدار بالا,پیوست یک داروهای باهشدار با.pdf,PyPDF2 (no OCR),0.6483,0.0,0.6483,/content/drive/MyDrive/Base Model Farsi/Output Texts/پیوست یک داروهای باهشدار با.txt
/content/drive/MyDrive/Base Model Farsi/Documents/medical guidelines/دستورالعمل‌ها/هموفیلی,دستورالعمل القائ تحمل ایمنی.pdf,PyPDF2 (no OCR),0.7883,0.0,0.7883,/content/drive/MyDrive/Base Model Farsi/Output Texts/دستورالعمل القائ تحمل ایمنی.txt
/content/drive/MyDrive/Base Model Farsi/Documents/medical guidelines/دستورالعمل‌ها/هموفیلی,نامه ابلاغ.pdf,Skipped,0,0,0,/content/drive/MyDrive/Base Model Farsi/Output Texts/نامه ابلاغ.txt
/content/drive/MyDrive/Base Model Farsi/Documents/medical guidelines/دستورالعمل‌ها/سوختگی 1401,سوختگی.pdf,PyPDF2 (no OCR),0.7902,0.0,0.7902,/content/drive/MyDrive/Base Model Farsi/Output Texts/سوختگی.txt
/content/drive/MyDrive/Base Model Farsi/Documents/medical guidelines/دستورالعمل‌ها/سطح بندی,سطح بندی آنتی بیوتیک ها.pdf,PyPDF2 (no OCR),0.6982,0.0,0.6982,/content/drive/MyDrive/Base Model Farsi/Output Texts/سطح بندی آنتی بیوتیک ها.txt
/content/drive/MyDrive/Base Model Farsi/Documents/medical guidelines/دستورالعمل‌ها/دستورالعمل عفونت ویروسی,دستورالعمل ویروسی.pdf,PyPDF2 (no OCR),0.7474,0.0,0.7474,/content/drive/MyDrive/Base Model Farsi/Output Texts/دستورالعمل ویروسی.txt
/content/drive/MyDrive/Base Model Farsi/Documents/medical guidelines/دستورالعمل‌ها/دستورالعمل عفونت ویروسی,نکات مهم در ب.pdf,PyPDF2 (no OCR),0.6516,0.0,0.6516,/content/drive/MyDrive/Base Model Farsi/Output Texts/نکات مهم در ب.txt
/content/drive/MyDrive/Base Model Farsi/Documents/medical guidelines/دستورالعمل‌ها/ابلاغ,ابلاغ.pdf,PyPDF2 (no OCR),0.7872,0.0,0.7872,/content/drive/MyDrive/Base Model Farsi/Output Texts/ابلاغ.txt
/content/drive/MyDrive/Base Model Farsi/Documents/medical guidelines/دستورالعمل‌ها/ابلاغ,کووید.pdf,Skipped,0,0,0,/content/drive/MyDrive/Base Model Farsi/Output Texts/کووید.txt
/content/drive/MyDrive/Base Model Farsi/Documents/medical guidelines/دستورالعمل‌ها/سوختگی,پروتکل جامع بیماران سوختگی .pdf,PyPDF2 (no OCR),0.7068,0.0,0.7068,/content/drive/MyDrive/Base Model Farsi/Output Texts/پروتکل جامع بیماران سوختگی .txt
/content/drive/MyDrive/Base Model Farsi/Documents/medical guidelines/دستورالعمل‌ها/OFF LABEL,OFF LABEL.pdf,PyPDF2 (no OCR),0.7872,0.0,0.7872,/content/drive/MyDrive/Base Model Farsi/Output Texts/OFF LABEL.txt
/content/drive/MyDrive/Base Model Farsi/Documents/medical guidelines/دستورالعمل‌ها/دستورالعمل,مجیک ماشروم.pdf,OCR (better),0.5719,0.7727,0.7727,/content/drive/MyDrive/Base Model Farsi/Output Texts/مجیک ماشروم.txt
/content/drive/MyDrive/Base Model Farsi/Documents/medical guidelines/دستورالعمل‌ها/کنسر معده,مسیر بالینی کنسر معده.pdf,PyPDF2 (no OCR),0.7835,0.0,0.7835,/content/drive/MyDrive/Base Model Farsi/Output Texts/مسیر بالینی کنسر معده.txt
/content/drive/MyDrive/Base Model Farsi/Documents/medical guidelines/دستورالعمل‌ها/کنسر معده,نامه ابلاغ سرطان معده.pdf,PyPDF2 (no OCR),0.7845,0.0,0.7845,/content/drive/MyDrive/Base Model Farsi/Output Texts/نامه ابلاغ سرطان معده.txt
/content/drive/MyDrive/Base Model Farsi/Documents/medical guidelines/دستورالعمل‌ها/کاشت حلزون,کاشت حلزون.pdf,PyPDF2 (no OCR),0.7874,0.0,0.7874,/content/drive/MyDrive/Base Model Farsi/Output Texts/کاشت حلزون.txt
/content/drive/MyDrive/Base Model Farsi/Documents/medical guidelines/دستورالعمل‌ها/کاشت حلزون,فاینال ابلاغ.pdf,PyPDF2 (no OCR),0.6762,0.0,0.6762,/content/drive/MyDrive/Base Model Farsi/Output Texts/فاینال ابلاغ.txt
/content/drive/MyDrive/Base Model Farsi/Documents/medical guidelines/دستورالعمل‌ها/OFF LABEL,OFF LABALE1.pdf,"PyPDF2 (better, OCR worse)",0.5704,0.5574,0.5704,/content/drive/MyDrive/Base Model Farsi/Output Texts/OFF LABALE1.txt
/content/drive/MyDrive/Base Model Farsi/Documents/medical guidelines/راهنمای تجویز دارو,6 تیر.pdf,Skipped,0,0,0,/content/drive/MyDrive/Base Model Farsi/Output Texts/6 تیر.txt
/content/drive/MyDrive/Base Model Farsi/Documents/medical guidelines/راهنمای تجویز دارو,نامه ابلاغ آسپیرین.pdf,"PyPDF2 (better, OCR worse)",0.5222,0.4816,0.5222,/content/drive/MyDrive/Base Model Farsi/Output Texts/نامه ابلاغ آسپیرین.txt
/content/drive/MyDrive/Base Model Farsi/Documents/medical guidelines/راهنمای تجویز دارو/ایزوکربوکسی زاید,فایل ابلاغ ایزو کربوکسی زاید.pdf,PyPDF2 (no OCR),0.7574,0.0,0.7574,/content/drive/MyDrive/Base Model Farsi/Output Texts/فایل ابلاغ ایزو کربوکسی زاید.txt
/content/drive/MyDrive/Base Model Farsi/Documents/medical guidelines/راهنمای تجویز دارو/ایزوکربوکسی زاید,نامه ابلاغ داروی ایزو کربوکسی زاید.pdf,OCR (better),0.0,0.5011,0.5011,/content/drive/MyDrive/Base Model Farsi/Output Texts/نامه ابلاغ داروی ایزو کربوکسی زاید.txt
/content/drive/MyDrive/Base Model Farsi/Documents/medical guidelines/راهنمای تجویز دارو/انسولین,INSULIN (2).pdf,PyPDF2 (no OCR),0.698,0.0,0.698,/content/drive/MyDrive/Base Model Farsi/Output Texts/INSULIN (2).txt
/content/drive/MyDrive/Base Model Farsi/Documents/medical guidelines/راهنمای تجویز دارو/پاکلی تاکسل آلبومین,پاکلی تاکسل آلبومین-.pdf,OCR (better),0.3007,0.5696,0.5696,/content/drive/MyDrive/Base Model Farsi/Output Texts/پاکلی تاکسل آلبومین-.txt
/content/drive/MyDrive/Base Model Farsi/Documents/medical guidelines/راهنمای تجویز دارو/باریسیتینب,نامه ابلاغ.pdf,Skipped,0,0,0,/content/drive/MyDrive/Base Model Farsi/Output Texts/نامه ابلاغ.txt
/content/drive/MyDrive/Base Model Farsi/Documents/medical guidelines/راهنمای تجویز دارو/بوسنتان,بوسنتان.pdf,PyPDF2 (no OCR),0.7873,0.0,0.7873,/content/drive/MyDrive/Base Model Farsi/Output Texts/بوسنتان.txt
/content/drive/MyDrive/Base Model Farsi/Documents/medical guidelines/راهنمای تجویز دارو/Desktop (1),نامه هورمون رشد.pdf,PyPDF2 (no OCR),0.7869,0.0,0.7869,/content/drive/MyDrive/Base Model Farsi/Output Texts/نامه هورمون رشد.txt
/content/drive/MyDrive/Base Model Farsi/Documents/medical guidelines/راهنمای تجویز دارو/Desktop (1),راهنمای تجویز هورمون رشد -نسخه نهایی.pdf,PyPDF2 (no OCR),0.6909,0.0,0.6909,/content/drive/MyDrive/Base Model Farsi/Output Texts/راهنمای تجویز هورمون رشد -نسخه نهایی.txt
/content/drive/MyDrive/Base Model Farsi/Documents/medical guidelines/راهنمای تجویز دارو/تراستوزومب,تراستوزومب.pdf,PyPDF2 (no OCR),0.7872,0.0,0.7872,/content/drive/MyDrive/Base Model Farsi/Output Texts/تراستوزومب.txt
/content/drive/MyDrive/Base Model Farsi/Documents/medical guidelines/راهنمای تجویز دارو/باریسیتینب,30 بهمن.pdf,"PyPDF2 (better, OCR worse)",0.5968,0.5823,0.5968,/content/drive/MyDrive/Base Model Farsi/Output Texts/30 بهمن.txt
/content/drive/MyDrive/Base Model Farsi/Documents/medical guidelines/راهنمای تجویز دارو/داروی کاپتوپریل_1,نامه ابلاغ کاپتوپریل.pdf,"PyPDF2 (better, OCR worse)",0.5267,0.5014,0.5267,/content/drive/MyDrive/Base Model Farsi/Output Texts/نامه ابلاغ کاپتوپریل.txt
/content/drive/MyDrive/Base Model Farsi/Documents/medical guidelines/راهنمای تجویز دارو/داروی کاپتوپریل_1,فایل کاپتوپریل.pdf,PyPDF2 (no OCR),0.691,0.0,0.691,/content/drive/MyDrive/Base Model Farsi/Output Texts/فایل کاپتوپریل.txt
/content/drive/MyDrive/Base Model Farsi/Documents/medical guidelines/راهنمای تجویز دارو/تراستوزومب,9 مرداد تراستو.pdf,OCR (better),0.3778,0.5936,0.5936,/content/drive/MyDrive/Base Model Farsi/Output Texts/9 مرداد تراستو.txt
/content/drive/MyDrive/Base Model Farsi/Documents/medical guidelines/راهنمای تجویز دارو/آلتپلاز off label,2 اسفند نهایی.pdf,PyPDF2 (no OCR),0.7852,0.0,0.7852,/content/drive/MyDrive/Base Model Farsi/Output Texts/2 اسفند نهایی.txt
/content/drive/MyDrive/Base Model Farsi/Documents/medical guidelines/راهنمای تجویز دارو/آلتپلاز off label,نامه ابلاغ آف لیبل.pdf,"PyPDF2 (better, OCR worse)",0.5226,0.4969,0.5226,/content/drive/MyDrive/Base Model Farsi/Output Texts/نامه ابلاغ آف لیبل.txt
/content/drive/MyDrive/Base Model Farsi/Documents/medical guidelines/راهنمای تجویز دارو/راهنمای تجویز داروی الاپاریب,نامه ابلاغ داروی الاپاریب.pdf,"PyPDF2 (better, OCR worse)",0.5201,0.4921,0.5201,/content/drive/MyDrive/Base Model Farsi/Output Texts/نامه ابلاغ داروی الاپاریب.txt
/content/drive/MyDrive/Base Model Farsi/Documents/medical guidelines/راهنمای تجویز دارو/شیمی درمانی,آماده سازی محلولهای تزریقی شیمی درمانی .pdf,PyPDF2 (no OCR),0.7861,0.0,0.7861,/content/drive/MyDrive/Base Model Farsi/Output Texts/آماده سازی محلولهای تزریقی شیمی درمانی .txt
/content/drive/MyDrive/Base Model Farsi/Documents/medical guidelines/راهنمای تجویز دارو/شیمی درمانی,نامه شیمی.pdf,PyPDF2 (no OCR),0.7848,0.0,0.7848,/content/drive/MyDrive/Base Model Farsi/Output Texts/نامه شیمی.txt
/content/drive/MyDrive/Base Model Farsi/Documents/medical guidelines/راهنمای تجویز دارو/آسپیرین,نامه ابلاغ آسپیرین.pdf,Skipped,0,0,0,/content/drive/MyDrive/Base Model Farsi/Output Texts/نامه ابلاغ آسپیرین.txt
/content/drive/MyDrive/Base Model Farsi/Documents/medical guidelines/راهنمای تجویز دارو/آسپیرین,6 تیر.pdf,Skipped,0,0,0,/content/drive/MyDrive/Base Model Farsi/Output Texts/6 تیر.txt
/content/drive/MyDrive/Base Model Farsi/Documents/medical guidelines/راهنمای تجویز دارو/ابیراترون,آبیراترون.pdf,PyPDF2 (no OCR),0.7872,0.0,0.7872,/content/drive/MyDrive/Base Model Farsi/Output Texts/آبیراترون.txt
/content/drive/MyDrive/Base Model Farsi/Documents/medical guidelines/راهنمای تجویز دارو/راهنمای تجویز داروی الاپاریب,راهنمای تجویز داروی الاپاریب.pdf,OCR (better),0.2648,0.5541,0.5541,/content/drive/MyDrive/Base Model Farsi/Output Texts/راهنمای تجویز داروی الاپاریب.txt
/content/drive/MyDrive/Base Model Farsi/Documents/medical guidelines/راهنمای تجویز دارو/ابیراترون,ابیراترون.pdf,"PyPDF2 (better, OCR worse)",0.5753,0.5609,0.5753,/content/drive/MyDrive/Base Model Farsi/Output Texts/ابیراترون.txt
/content/drive/MyDrive/Base Model Farsi/Documents/medical guidelines/راهنمای تجویز دارو/off label ریسپریدون,ریسپریدون off label.pdf,PyPDF2 (no OCR),0.7849,0.0,0.7849,/content/drive/MyDrive/Base Model Farsi/Output Texts/ریسپریدون off label.txt
/content/drive/MyDrive/Base Model Farsi/Documents/medical guidelines/راهنمای تجویز دارو/متفورمین_1,متفورمین- 25 بهمن.pdf,PyPDF2 (no OCR),0.7853,0.0,0.7853,/content/drive/MyDrive/Base Model Farsi/Output Texts/متفورمین- 25 بهمن.txt
/content/drive/MyDrive/Base Model Farsi/Documents/medical guidelines/راهنمای تجویز دارو/متفورمین_1,نامه ابلاغ.pdf,Skipped,0,0,0,/content/drive/MyDrive/Base Model Farsi/Output Texts/نامه ابلاغ.txt
/content/drive/MyDrive/Base Model Farsi/Documents/medical guidelines/راهنمای تجویز دارو/off label ریسپریدون,نامه ابلاغ ریسپریدون off label.pdf,"PyPDF2 (better, OCR worse)",0.5222,0.5074,0.5222,/content/drive/MyDrive/Base Model Farsi/Output Texts/نامه ابلاغ ریسپریدون off label.txt
/content/drive/MyDrive/Base Model Farsi/Documents/medical guidelines/راهنمای تجویز دارو/راهنمای تجویز داروی لیپوزومال دوکسوروبیسین,نامه ابلاغ داروی لیپوزومال دوکسوروبیسین.pdf,"PyPDF2 (better, OCR worse)",0.5224,0.5071,0.5224,/content/drive/MyDrive/Base Model Farsi/Output Texts/نامه ابلاغ داروی لیپوزومال دوکسوروبیسین.txt
/content/drive/MyDrive/Base Model Farsi/Documents/medical guidelines/راهنمای تجویز دارو/هیدرالازین,نامه ابلاغ هیدرالازین.pdf,"PyPDF2 (better, OCR worse)",0.5256,0.4889,0.5256,/content/drive/MyDrive/Base Model Farsi/Output Texts/نامه ابلاغ هیدرالازین.txt
/content/drive/MyDrive/Base Model Farsi/Documents/medical guidelines/راهنمای تجویز دارو/هیدرالازین,9آبان.pdf,PyPDF2 (no OCR),0.7693,0.0,0.7693,/content/drive/MyDrive/Base Model Farsi/Output Texts/9آبان.txt
/content/drive/MyDrive/Base Model Farsi/Documents/medical guidelines/راهنمای تجویز دارو/اداراون,EDARAVON.pdf,PyPDF2 (no OCR),0.7871,0.0,0.7871,/content/drive/MyDrive/Base Model Farsi/Output Texts/EDARAVON.txt
/content/drive/MyDrive/Base Model Farsi/Documents/medical guidelines/راهنمای تجویز دارو/اداراون,اداراون.pdf,OCR (better),0.4492,0.4976,0.4976,/content/drive/MyDrive/Base Model Farsi/Output Texts/اداراون.txt
/content/drive/MyDrive/Base Model Farsi/Documents/medical guidelines/راهنمای تجویز دارو/راهنمای تجویز داروی لیپوزومال دوکسوروبیسین,راهنمای تجویز لیپوزومال دوکسوروبیسین.pdf,OCR (better),0.477,0.6976,0.6976,/content/drive/MyDrive/Base Model Farsi/Output Texts/راهنمای تجویز لیپوزومال دوکسوروبیسین.txt
/content/drive/MyDrive/Base Model Farsi/Documents/medical guidelines/راهنمای تجویز دارو/راهنمای تجویز داروی اسیمرتینیب,نامه ابلاغ داروی اسیمرتینیب.pdf,"PyPDF2 (better, OCR worse)",0.5204,0.4923,0.5204,/content/drive/MyDrive/Base Model Farsi/Output Texts/نامه ابلاغ داروی اسیمرتینیب.txt
/content/drive/MyDrive/Base Model Farsi/Documents/medical guidelines/راهنمای تجویز دارو/راهنمای تجویز داروی اسیمرتینیب,راهنمای تجویز داروی اسیمرتینیب.pdf,"PyPDF2 (better, OCR worse)",0.5433,0.5056,0.5433,/content/drive/MyDrive/Base Model Farsi/Output Texts/راهنمای تجویز داروی اسیمرتینیب.txt
/content/drive/MyDrive/Base Model Farsi/Documents/medical guidelines/راهنمای تجویز دارو/ناتالیزومب,9 آبان.pdf,PyPDF2 (no OCR),0.6121,0.0,0.6121,/content/drive/MyDrive/Base Model Farsi/Output Texts/9 آبان.txt
/content/drive/MyDrive/Base Model Farsi/Documents/medical guidelines/راهنمای تجویز دارو/ناتالیزومب,نامه ابلاغ ناتالیزومب.pdf,"PyPDF2 (better, OCR worse)",0.5241,0.5042,0.5241,/content/drive/MyDrive/Base Model Farsi/Output Texts/نامه ابلاغ ناتالیزومب.txt
/content/drive/MyDrive/Base Model Farsi/Documents/medical guidelines/راهنمای تجویز دارو/واکسن پنوموکک,واکسن پنوموک.pdf,PyPDF2 (no OCR),0.7342,0.0,0.7342,/content/drive/MyDrive/Base Model Farsi/Output Texts/واکسن پنوموک.txt
/content/drive/MyDrive/Base Model Farsi/Documents/medical guidelines/راهنمای تجویز دارو/واکسن پنوموکک,نانه ابلاغ (واکسن پنوموکک).pdf,"PyPDF2 (better, OCR worse)",0.5201,0.5053,0.5201,/content/drive/MyDrive/Base Model Farsi/Output Texts/نانه ابلاغ (واکسن پنوموکک).txt
/content/drive/MyDrive/Base Model Farsi/Documents/medical guidelines/راهنمای تجویز دارو/راهنمای تجویز داروی تموزولامید,راهنمای تجویز داروی تموزولامید.pdf,PyPDF2 (no OCR),0.7202,0.0,0.7202,/content/drive/MyDrive/Base Model Farsi/Output Texts/راهنمای تجویز داروی تموزولامید.txt
/content/drive/MyDrive/Base Model Farsi/Documents/medical guidelines/راهنمای تجویز دارو/راهنمای تجویز داروی میزوپروستول (نسخه دوم),نامه ابلاغ.pdf,Skipped,0,0,0,/content/drive/MyDrive/Base Model Farsi/Output Texts/نامه ابلاغ.txt
/content/drive/MyDrive/Base Model Farsi/Documents/medical guidelines/راهنمای تجویز دارو/راهنمای تجویز داروی تموزولامید,نامه ابلاغ داروی تموزولامید.pdf,"PyPDF2 (better, OCR worse)",0.5204,0.4923,0.5204,/content/drive/MyDrive/Base Model Farsi/Output Texts/نامه ابلاغ داروی تموزولامید.txt
/content/drive/MyDrive/Base Model Farsi/Documents/medical guidelines/راهنمای تجویز دارو/ابلاغ استاندارد - 202408100651581,پیوست راهنمای تجویز داروی آزیترو مایسین.pdf,PyPDF2 (no OCR),0.7895,0.0,0.7895,/content/drive/MyDrive/Base Model Farsi/Output Texts/پیوست راهنمای تجویز داروی آزیترو مایسین.txt
/content/drive/MyDrive/Base Model Farsi/Documents/medical guidelines/راهنمای تجویز دارو/ابلاغ استاندارد - 202408100651581,نانه ابلاغ راهنمای بالینی تجویز داروی آزیترو ایسین.pdf,"PyPDF2 (better, OCR worse)",0.5228,0.5061,0.5228,/content/drive/MyDrive/Base Model Farsi/Output Texts/نانه ابلاغ راهنمای بالینی تجویز داروی آزیترو ایسین.txt
/content/drive/MyDrive/Base Model Farsi/Documents/medical guidelines/راهنمای تجویز دارو/راهنمای تجویز داروی پانکراتین,نامه ابلاغ.pdf,Skipped,0,0,0,/content/drive/MyDrive/Base Model Farsi/Output Texts/نامه ابلاغ.txt
/content/drive/MyDrive/Base Model Farsi/Documents/medical guidelines/راهنمای تجویز دارو/راهنمای تجویز داروی پانکراتین,راهنمای تجویز داروی پانکراتین (نسخه دوم).pdf,PyPDF2 (no OCR),0.6841,0.0,0.6841,/content/drive/MyDrive/Base Model Farsi/Output Texts/راهنمای تجویز داروی پانکراتین (نسخه دوم).txt
/content/drive/MyDrive/Base Model Farsi/Documents/medical guidelines/راهنمای تجویز دارو/بوسولفان,راهنمای تجویز داروی بوسولفان نامه ابلاغ.pdf,"PyPDF2 (better, OCR worse)",0.5203,0.4928,0.5203,/content/drive/MyDrive/Base Model Farsi/Output Texts/راهنمای تجویز داروی بوسولفان نامه ابلاغ.txt
/content/drive/MyDrive/Base Model Farsi/Documents/medical guidelines/راهنمای تجویز دارو/بوسولفان,راهنمای تجویز داروی بوسولفان  فایل پیوست.pdf,PyPDF2 (no OCR),0.7806,0.0,0.7806,/content/drive/MyDrive/Base Model Farsi/Output Texts/راهنمای تجویز داروی بوسولفان  فایل پیوست.txt
/content/drive/MyDrive/Base Model Farsi/Documents/medical guidelines/راهنمای تجویز دارو/سفیکسیم_1,25 بهمن.pdf,PyPDF2 (no OCR),0.7266,0.0,0.7266,/content/drive/MyDrive/Base Model Farsi/Output Texts/25 بهمن.txt
/content/drive/MyDrive/Base Model Farsi/Documents/medical guidelines/راهنمای تجویز دارو/سفیکسیم_1,نامه ابلاغ.pdf,Skipped,0,0,0,/content/drive/MyDrive/Base Model Farsi/Output Texts/نامه ابلاغ.txt
/content/drive/MyDrive/Base Model Farsi/Documents/medical guidelines/راهنمای تجویز دارو/پمبرولیزوماب,نامه ابلاغ پمبرولیزومب.pdf,"PyPDF2 (better, OCR worse)",0.5243,0.501,0.5243,/content/drive/MyDrive/Base Model Farsi/Output Texts/نامه ابلاغ پمبرولیزومب.txt
/content/drive/MyDrive/Base Model Farsi/Documents/medical guidelines/راهنمای تجویز دارو/پمبرولیزوماب,9 آبان.pdf,Skipped,0,0,0,/content/drive/MyDrive/Base Model Farsi/Output Texts/9 آبان.txt
/content/drive/MyDrive/Base Model Farsi/Documents/medical guidelines/راهنمای تجویز دارو/اتوسوکسوماید,اتوسوکسوماید.pdf,"PyPDF2 (better, OCR worse)",0.522,0.5,0.522,/content/drive/MyDrive/Base Model Farsi/Output Texts/اتوسوکسوماید.txt
/content/drive/MyDrive/Base Model Farsi/Documents/medical guidelines/راهنمای تجویز دارو/راهنمای تجویز داروی میزوپروستول (نسخه دوم),راهنمای تجویز داروی میزوپروستول (نسخه دوم).pdf,OCR (better),0.4003,0.7607,0.7607,/content/drive/MyDrive/Base Model Farsi/Output Texts/راهنمای تجویز داروی میزوپروستول (نسخه دوم).txt
/content/drive/MyDrive/Base Model Farsi/Documents/medical guidelines/راهنمای تجویز دارو/توفاسیتینیب,نامه ابلاغ.pdf,Skipped,0,0,0,/content/drive/MyDrive/Base Model Farsi/Output Texts/نامه ابلاغ.txt
/content/drive/MyDrive/Base Model Farsi/Documents/medical guidelines/راهنمای تجویز دارو/توفاسیتینیب,(اصلاحی)1 اذر.pdf,PyPDF2 (no OCR),0.6289,0.0,0.6289,/content/drive/MyDrive/Base Model Farsi/Output Texts/(اصلاحی)1 اذر.txt
/content/drive/MyDrive/Base Model Farsi/Documents/medical guidelines/راهنمای تجویز دارو/ستو کسیماب,راهنمای تجویز داروی ستوکسیماب (نسخه دوم ) نامه ابلاغ.pdf,"PyPDF2 (better, OCR worse)",0.5209,0.5063,0.5209,/content/drive/MyDrive/Base Model Farsi/Output Texts/راهنمای تجویز داروی ستوکسیماب (نسخه دوم ) نامه ابلاغ.txt
/content/drive/MyDrive/Base Model Farsi/Documents/medical guidelines/راهنمای تجویز دارو/اتوسوکسوماید,اتوسوکسوماید1.pdf,"PyPDF2 (better, OCR worse)",0.541,0.5215,0.541,/content/drive/MyDrive/Base Model Farsi/Output Texts/اتوسوکسوماید1.txt
/content/drive/MyDrive/Base Model Farsi/Documents/medical guidelines/راهنمای تجویز دارو/ستو کسیماب,راهنمای تجویز داروی ستوکسیماب (نسخه دوم )  فایل پیوست.pdf,OCR (better),0.0,0.697,0.697,/content/drive/MyDrive/Base Model Farsi/Output Texts/راهنمای تجویز داروی ستوکسیماب (نسخه دوم )  فایل پیوست.txt
/content/drive/MyDrive/Base Model Farsi/Documents/medical guidelines/راهنمای تجویز دارو/امالیزومب,نامه ابلاغ.pdf,Skipped,0,0,0,/content/drive/MyDrive/Base Model Farsi/Output Texts/نامه ابلاغ.txt
/content/drive/MyDrive/Base Model Farsi/Documents/medical guidelines/راهنمای تجویز دارو/اوسلتامی ویر,اوسلتامی ویر.pdf,OCR (better),0.5006,0.5734,0.5734,/content/drive/MyDrive/Base Model Farsi/Output Texts/اوسلتامی ویر.txt
/content/drive/MyDrive/Base Model Farsi/Documents/medical guidelines/راهنمای تجویز دارو/اوسلتامی ویر,نامه ابلاغ.pdf,Skipped,0,0,0,/content/drive/MyDrive/Base Model Farsi/Output Texts/نامه ابلاغ.txt
/content/drive/MyDrive/Base Model Farsi/Documents/medical guidelines/راهنمای تجویز دارو/آنتی ونوم,آنتی ونوم.pdf,PyPDF2 (no OCR),0.7871,0.0,0.7871,/content/drive/MyDrive/Base Model Farsi/Output Texts/آنتی ونوم.txt
/content/drive/MyDrive/Base Model Farsi/Documents/medical guidelines/راهنمای تجویز دارو/داروی ورتپورفین,نامه ابلاغ ورتپورفین.pdf,"PyPDF2 (better, OCR worse)",0.5252,0.5088,0.5252,/content/drive/MyDrive/Base Model Farsi/Output Texts/نامه ابلاغ ورتپورفین.txt
/content/drive/MyDrive/Base Model Farsi/Documents/medical guidelines/راهنمای تجویز دارو/امالیزومب,امالیزومب نهایی.pdf,OCR (better),0.0,0.7647,0.7647,/content/drive/MyDrive/Base Model Farsi/Output Texts/امالیزومب نهایی.txt
/content/drive/MyDrive/Base Model Farsi/Documents/medical guidelines/راهنمای تجویز دارو/اسپری های تنفسی,اسپری های تنفسی.pdf,PyPDF2 (no OCR),0.6758,0.0,0.6758,/content/drive/MyDrive/Base Model Farsi/Output Texts/اسپری های تنفسی.txt
/content/drive/MyDrive/Base Model Farsi/Documents/medical guidelines/راهنمای تجویز دارو/اسپری های تنفسی,نامه ابلاغ.pdf,Skipped,0,0,0,/content/drive/MyDrive/Base Model Farsi/Output Texts/نامه ابلاغ.txt
/content/drive/MyDrive/Base Model Farsi/Documents/medical guidelines/راهنمای تجویز دارو/راهنمای تجویز امیسیزوماب  پاییز 1401,نامه ابلاغ.pdf,Skipped,0,0,0,/content/drive/MyDrive/Base Model Farsi/Output Texts/نامه ابلاغ.txt
/content/drive/MyDrive/Base Model Farsi/Documents/medical guidelines/راهنمای تجویز دارو/داروی ورتپورفین,داروی ورتپورفین.pdf,"PyPDF2 (better, OCR worse)",0.5765,0.5594,0.5765,/content/drive/MyDrive/Base Model Farsi/Output Texts/داروی ورتپورفین.txt
/content/drive/MyDrive/Base Model Farsi/Documents/medical guidelines/راهنمای تجویز دارو/افلیبرسپت,افلیبرسپت.pdf,PyPDF2 (no OCR),0.7872,0.0,0.7872,/content/drive/MyDrive/Base Model Farsi/Output Texts/افلیبرسپت.txt
/content/drive/MyDrive/Base Model Farsi/Documents/medical guidelines/راهنمای تجویز دارو/افلیبرسپت,افلیبرسپت2.pdf,PyPDF2 (no OCR),0.74,0.0,0.74,/content/drive/MyDrive/Base Model Farsi/Output Texts/افلیبرسپت2.txt
/content/drive/MyDrive/Base Model Farsi/Documents/medical guidelines/راهنمای تجویز دارو/ریتوکسی مب در سرطان,ریتوکسی مب در سرطان.pdf,PyPDF2 (no OCR),0.7916,0.0,0.7916,/content/drive/MyDrive/Base Model Farsi/Output Texts/ریتوکسی مب در سرطان.txt
/content/drive/MyDrive/Base Model Farsi/Documents/medical guidelines/راهنمای تجویز دارو/راهنمای تجویز امیسیزوماب  پاییز 1401,راهنمای تجویز امیسیزوماب  پاییز 1401.pdf,"PyPDF2 (better, OCR worse)",0.5589,0.5282,0.5589,/content/drive/MyDrive/Base Model Farsi/Output Texts/راهنمای تجویز امیسیزوماب  پاییز 1401.txt
/content/drive/MyDrive/Base Model Farsi/Documents/medical guidelines/راهنمای تجویز دارو/ریتوکسی مب در سرطان,نامه ابلاغ ریتوکسی مب در سرطان.pdf,"PyPDF2 (better, OCR worse)",0.521,0.508,0.521,/content/drive/MyDrive/Base Model Farsi/Output Texts/نامه ابلاغ ریتوکسی مب در سرطان.txt
/content/drive/MyDrive/Base Model Farsi/Documents/medical guidelines/راهنمای تجویز دارو/سفتریاکسون (1),نامه ابلاغ سفتریاکسون.pdf,"PyPDF2 (better, OCR worse)",0.5256,0.5035,0.5256,/content/drive/MyDrive/Base Model Farsi/Output Texts/نامه ابلاغ سفتریاکسون.txt
/content/drive/MyDrive/Base Model Farsi/Documents/medical guidelines/راهنمای تجویز دارو/سفتریاکسون (1),8 آبان.pdf,PyPDF2 (no OCR),0.7909,0.0,0.7909,/content/drive/MyDrive/Base Model Farsi/Output Texts/8 آبان.txt
/content/drive/MyDrive/Base Model Farsi/Documents/medical guidelines/راهنمای تجویز دارو/ناتالیزومب (1),نامه ابلاغ ناتالیزومب.pdf,Skipped,0,0,0,/content/drive/MyDrive/Base Model Farsi/Output Texts/نامه ابلاغ ناتالیزومب.txt
/content/drive/MyDrive/Base Model Farsi/Documents/medical guidelines/راهنمای تجویز دارو/ناتالیزومب (1),9 آبان.pdf,Skipped,0,0,0,/content/drive/MyDrive/Base Model Farsi/Output Texts/9 آبان.txt
/content/drive/MyDrive/Base Model Farsi/Documents/medical guidelines/راهنمای تجویز دارو/اپومورفین_1,اپومورفین.pdf,PyPDF2 (no OCR),0.7873,0.0,0.7873,/content/drive/MyDrive/Base Model Farsi/Output Texts/اپومورفین.txt
/content/drive/MyDrive/Base Model Farsi/Documents/medical guidelines/راهنمای تجویز دارو/لنالیدوماید,نامه ابلاغ.pdf,Skipped,0,0,0,/content/drive/MyDrive/Base Model Farsi/Output Texts/نامه ابلاغ.txt
/content/drive/MyDrive/Base Model Farsi/Documents/medical guidelines/راهنمای تجویز دارو/لنالیدوماید,5 آذر.pdf,PyPDF2 (no OCR),0.6885,0.0,0.6885,/content/drive/MyDrive/Base Model Farsi/Output Texts/5 آذر.txt
/content/drive/MyDrive/Base Model Farsi/Documents/medical guidelines/راهنمای تجویز دارو/fosfomycin,نامه ابلاغ.pdf,Skipped,0,0,0,/content/drive/MyDrive/Base Model Farsi/Output Texts/نامه ابلاغ.txt
/content/drive/MyDrive/Base Model Farsi/Documents/medical guidelines/راهنمای تجویز دارو/fosfomycin,(اصلاحی)1 اذر.pdf,Skipped,0,0,0,/content/drive/MyDrive/Base Model Farsi/Output Texts/(اصلاحی)1 اذر.txt
/content/drive/MyDrive/Base Model Farsi/Documents/medical guidelines/راهنمای تجویز دارو/HMG,HMG final.pdf,OCR (better),0.3829,0.5257,0.5257,/content/drive/MyDrive/Base Model Farsi/Output Texts/HMG final.txt
/content/drive/MyDrive/Base Model Farsi/Documents/medical guidelines/راهنمای تجویز دارو/TDM1,TDM1.pdf,PyPDF2 (no OCR),0.7871,0.0,0.7871,/content/drive/MyDrive/Base Model Farsi/Output Texts/TDM1.txt
/content/drive/MyDrive/Base Model Farsi/Documents/medical guidelines/راهنمای تجویز دارو/TDM1,TDM 1.pdf,OCR (better),0.3651,0.4887,0.4887,/content/drive/MyDrive/Base Model Farsi/Output Texts/TDM 1.txt
/content/drive/MyDrive/Base Model Farsi/Documents/medical guidelines/راهنمای تجویز دارو/اریتروپویتین,erythropoietin (epo)راهنمای تجویز.pdf,PyPDF2 (no OCR),0.7701,0.0,0.7701,/content/drive/MyDrive/Base Model Farsi/Output Texts/erythropoietin (epo)راهنمای تجویز.txt
/content/drive/MyDrive/Base Model Farsi/Documents/medical guidelines/راهنمای تجویز دارو/راهنمای تجویز داروی نیلوتینیب_1,نامه ابلاغ داروی نیلوتینیب.pdf,"PyPDF2 (better, OCR worse)",0.5203,0.5021,0.5203,/content/drive/MyDrive/Base Model Farsi/Output Texts/نامه ابلاغ داروی نیلوتینیب.txt
/content/drive/MyDrive/Base Model Farsi/Documents/medical guidelines/راهنمای تجویز دارو/راهنمای تجویز داروی نیلوتینیب_1,راهنمای تجویز داروی نیلوتینیب.pdf,"PyPDF2 (better, OCR worse)",0.5691,0.5433,0.5691,/content/drive/MyDrive/Base Model Farsi/Output Texts/راهنمای تجویز داروی نیلوتینیب.txt
/content/drive/MyDrive/Base Model Farsi/Documents/medical guidelines/راهنمای تجویز دارو/راهنمای تجویز داروی اکرلیزوماب,نامه ابلاغ راهنمای تجویز داروی اکرلیزوماب.pdf,"PyPDF2 (better, OCR worse)",0.5213,0.4947,0.5213,/content/drive/MyDrive/Base Model Farsi/Output Texts/نامه ابلاغ راهنمای تجویز داروی اکرلیزوماب.txt
/content/drive/MyDrive/Base Model Farsi/Documents/medical guidelines/راهنمای تجویز دارو/راهنمای تجویز داروی اکرلیزوماب,راهنمای تجویز داروی اوکرلیزوماب.pdf,PyPDF2 (no OCR),0.6062,0.0,0.6062,/content/drive/MyDrive/Base Model Farsi/Output Texts/راهنمای تجویز داروی اوکرلیزوماب.txt
/content/drive/MyDrive/Base Model Farsi/Documents/medical guidelines/راهنمای تجویز دارو/داروهای دیابت_1,نامه ابلاغ.pdf,Skipped,0,0,0,/content/drive/MyDrive/Base Model Farsi/Output Texts/نامه ابلاغ.txt
/content/drive/MyDrive/Base Model Farsi/Documents/medical guidelines/راهنمای تجویز دارو/داروهای دیابت_1,داروهای خوراکی دیابت نوع 2.pdf,PyPDF2 (no OCR),0.7935,0.0,0.7935,/content/drive/MyDrive/Base Model Farsi/Output Texts/داروهای خوراکی دیابت نوع 2.txt
/content/drive/MyDrive/Base Model Farsi/Documents/medical guidelines/راهنمای تجویز دارو/داروهای دیابت_1,لیناگلیپتین امپاگلیفلوزین متفورمین نامه ابلاغ.pdf,PyPDF2 (no OCR),0.7872,0.0,0.7872,/content/drive/MyDrive/Base Model Farsi/Output Texts/لیناگلیپتین امپاگلیفلوزین متفورمین نامه ابلاغ.txt
/content/drive/MyDrive/Base Model Farsi/Documents/medical guidelines/راهنمای تجویز دارو/داروهای دیابت_1,داروهای دیابت شماره 2.pdf,"PyPDF2 (better, OCR worse)",0.5697,0.5397,0.5697,/content/drive/MyDrive/Base Model Farsi/Output Texts/داروهای دیابت شماره 2.txt
/content/drive/MyDrive/Base Model Farsi/Documents/medical guidelines/راهنمای تجویز دارو/آموکسی سیلین_1,نامه ابلاغ آموکسی سیلین.pdf,"PyPDF2 (better, OCR worse)",0.5225,0.5009,0.5225,/content/drive/MyDrive/Base Model Farsi/Output Texts/نامه ابلاغ آموکسی سیلین.txt
/content/drive/MyDrive/Base Model Farsi/Documents/medical guidelines/راهنمای تجویز دارو/آموکسی سیلین_1,آموکسی سیلین.pdf,PyPDF2 (no OCR),0.7949,0.0,0.7949,/content/drive/MyDrive/Base Model Farsi/Output Texts/آموکسی سیلین.txt
/content/drive/MyDrive/Base Model Farsi/Documents/medical guidelines/راهنمای تجویز دارو/پیموزاید,نامه ابلاغ پیموزاید.pdf,"PyPDF2 (better, OCR worse)",0.5253,0.5029,0.5253,/content/drive/MyDrive/Base Model Farsi/Output Texts/نامه ابلاغ پیموزاید.txt
/content/drive/MyDrive/Base Model Farsi/Documents/medical guidelines/راهنمای تجویز دارو/پیموزاید,8 آبان.pdf,Skipped,0,0,0,/content/drive/MyDrive/Base Model Farsi/Output Texts/8 آبان.txt
/content/drive/MyDrive/Base Model Farsi/Documents/medical guidelines/راهنمای تجویز دارو/تری فلوپرازین,نامه ابلاغ تری فلوپرازین.pdf,"PyPDF2 (better, OCR worse)",0.5204,0.4877,0.5204,/content/drive/MyDrive/Base Model Farsi/Output Texts/نامه ابلاغ تری فلوپرازین.txt
/content/drive/MyDrive/Base Model Farsi/Documents/medical guidelines/راهنمای تجویز دارو/تری فلوپرازین,6 تیر.pdf,Skipped,0,0,0,/content/drive/MyDrive/Base Model Farsi/Output Texts/6 تیر.txt
/content/drive/MyDrive/Base Model Farsi/Documents/medical guidelines/راهنمای تجویز دارو/ستوکسیماب,نامه ستوکسیماب.pdf,PyPDF2 (no OCR),0.7847,0.0,0.7847,/content/drive/MyDrive/Base Model Farsi/Output Texts/نامه ستوکسیماب.txt
/content/drive/MyDrive/Base Model Farsi/Documents/medical guidelines/راهنمای تجویز دارو/11 MS,پروتوکل تشخیصی درمانی ام اس نسخه دوم.pdf,OCR (better),0.0,0.7626,0.7626,/content/drive/MyDrive/Base Model Farsi/Output Texts/پروتوکل تشخیصی درمانی ام اس نسخه دوم.txt
/content/drive/MyDrive/Base Model Farsi/Documents/medical guidelines/راهنمای تجویز دارو/ابلاغ IVIG,ابلاغ IVIG.pdf,PyPDF2 (no OCR),0.787,0.0,0.787,/content/drive/MyDrive/Base Model Farsi/Output Texts/ابلاغ IVIG.txt
/content/drive/MyDrive/Base Model Farsi/Documents/medical guidelines/راهنمای تجویز دارو/ابلاغ IVIG,نسخه چهارم ivig.pdf,PyPDF2 (no OCR),0.6862,0.0,0.6862,/content/drive/MyDrive/Base Model Farsi/Output Texts/نسخه چهارم ivig.txt
/content/drive/MyDrive/Base Model Farsi/Documents/medical guidelines/راهنمای تجویز دارو/پالیویزوماب_1,نامه ابلاغ پالیویزوماب.pdf,"PyPDF2 (better, OCR worse)",0.5206,0.505,0.5206,/content/drive/MyDrive/Base Model Farsi/Output Texts/نامه ابلاغ پالیویزوماب.txt
/content/drive/MyDrive/Base Model Farsi/Documents/medical guidelines/راهنمای تجویز دارو/پالیویزوماب_1,6 تیر.pdf,Skipped,0,0,0,/content/drive/MyDrive/Base Model Farsi/Output Texts/6 تیر.txt
/content/drive/MyDrive/Base Model Farsi/Documents/medical guidelines/راهنمای تجویز دارو/ستوکسیماب,ستوکسیماب.pdf,OCR (better),0.0,0.6687,0.6687,/content/drive/MyDrive/Base Model Farsi/Output Texts/ستوکسیماب.txt
/content/drive/MyDrive/Base Model Farsi/Documents/medical guidelines/راهنمای تجویز دارو/Desktop,نامه ابلاغ.pdf,Skipped,0,0,0,/content/drive/MyDrive/Base Model Farsi/Output Texts/نامه ابلاغ.txt
/content/drive/MyDrive/Base Model Farsi/Documents/medical guidelines/راهنمای تجویز دارو/لوزارتان,29 بهمن.pdf,PyPDF2 (no OCR),0.7461,0.0,0.7461,/content/drive/MyDrive/Base Model Farsi/Output Texts/29 بهمن.txt
/content/drive/MyDrive/Base Model Farsi/Documents/medical guidelines/راهنمای تجویز دارو/لوزارتان,نامه ابلاغ.pdf,Skipped,0,0,0,/content/drive/MyDrive/Base Model Farsi/Output Texts/نامه ابلاغ.txt
/content/drive/MyDrive/Base Model Farsi/Documents/medical guidelines/راهنمای تجویز دارو/Desktop,ماسیتنتان.pdf,"PyPDF2 (better, OCR worse)",0.5874,0.5644,0.5874,/content/drive/MyDrive/Base Model Farsi/Output Texts/ماسیتنتان.txt
/content/drive/MyDrive/Base Model Farsi/Documents/medical guidelines/راهنمای تجویز دارو/مبندازول,راهنمای تجویز داروی مبندازول نامه ابلاغ.pdf,"PyPDF2 (better, OCR worse)",0.5223,0.5095,0.5223,/content/drive/MyDrive/Base Model Farsi/Output Texts/راهنمای تجویز داروی مبندازول نامه ابلاغ.txt
/content/drive/MyDrive/Base Model Farsi/Documents/medical guidelines/راهنمای تجویز دارو/انسولین ترکیبی,انسولین ترکیبی.pdf,"PyPDF2 (better, OCR worse)",0.5232,0.5085,0.5232,/content/drive/MyDrive/Base Model Farsi/Output Texts/انسولین ترکیبی.txt
/content/drive/MyDrive/Base Model Farsi/Documents/medical guidelines/راهنمای تجویز دارو/مبندازول,راهنمای تجویز داروی مبندازول فایل پیوست.pdf,OCR (better),0.5301,0.5576,0.5576,/content/drive/MyDrive/Base Model Farsi/Output Texts/راهنمای تجویز داروی مبندازول فایل پیوست.txt
/content/drive/MyDrive/Base Model Farsi/Documents/medical guidelines/راهنمای تجویز دارو/انسولین ترکیبی,انسولین- 16 مهر ماه.pdf,OCR (better),0.2728,0.59,0.59,/content/drive/MyDrive/Base Model Farsi/Output Texts/انسولین- 16 مهر ماه.txt
/content/drive/MyDrive/Base Model Farsi/Documents/medical guidelines/راهنمای تجویز دارو/لیراگلوتاید,نامه ابلاغ.pdf,Skipped,0,0,0,/content/drive/MyDrive/Base Model Farsi/Output Texts/نامه ابلاغ.txt
/content/drive/MyDrive/Base Model Farsi/Documents/medical guidelines/راهنمای تجویز دارو/تنوفوویر,فایل ابلاغ  تنوفوویر.pdf,PyPDF2 (no OCR),0.7172,0.0,0.7172,/content/drive/MyDrive/Base Model Farsi/Output Texts/فایل ابلاغ  تنوفوویر.txt
/content/drive/MyDrive/Base Model Farsi/Documents/medical guidelines/راهنمای تجویز دارو/لیراگلوتاید,راهنمای تجویز ليراگلوتايد.pdf,"PyPDF2 (better, OCR worse)",0.5823,0.5515,0.5823,/content/drive/MyDrive/Base Model Farsi/Output Texts/راهنمای تجویز ليراگلوتايد.txt
/content/drive/MyDrive/Base Model Farsi/Documents/medical guidelines/راهنمای تجویز دارو/رمدسیویر,نامه رمدسیویر- نسخه دوم.pdf,PyPDF2 (no OCR),0.7847,0.0,0.7847,/content/drive/MyDrive/Base Model Farsi/Output Texts/نامه رمدسیویر- نسخه دوم.txt
/content/drive/MyDrive/Base Model Farsi/Documents/medical guidelines/راهنمای تجویز دارو/رمدسیویر,راهنمای تجویز رمدسیویر (نسخه دوم).pdf,PyPDF2 (no OCR),0.6364,0.0,0.6364,/content/drive/MyDrive/Base Model Farsi/Output Texts/راهنمای تجویز رمدسیویر (نسخه دوم).txt
/content/drive/MyDrive/Base Model Farsi/Documents/medical guidelines/راهنمای تجویز دارو/تنوفوویر,نامه ابلاغ داروی تنو فوویر.pdf,OCR (better),0.0,0.4971,0.4971,/content/drive/MyDrive/Base Model Farsi/Output Texts/نامه ابلاغ داروی تنو فوویر.txt
/content/drive/MyDrive/Base Model Farsi/Documents/medical guidelines/راهنمای تجویز دارو/Follitropin alfa داروی,نامه ابلاغ follitropin alfa.pdf,"PyPDF2 (better, OCR worse)",0.5245,0.5058,0.5245,/content/drive/MyDrive/Base Model Farsi/Output Texts/نامه ابلاغ follitropin alfa.txt
/content/drive/MyDrive/Base Model Farsi/Documents/medical guidelines/راهنمای تجویز دارو/سورافنیب,سورافنیب.pdf,PyPDF2 (no OCR),0.7872,0.0,0.7872,/content/drive/MyDrive/Base Model Farsi/Output Texts/سورافنیب.txt
/content/drive/MyDrive/Base Model Farsi/Documents/medical guidelines/راهنمای تجویز دارو/Follitropin alfa داروی,Follitropin alfa داروی.pdf,"PyPDF2 (better, OCR worse)",0.5147,0.496,0.5147,/content/drive/MyDrive/Base Model Farsi/Output Texts/Follitropin alfa داروی.txt
/content/drive/MyDrive/Base Model Farsi/Documents/medical guidelines/راهنمای تجویز دارو/اورلیموس,اورلیموس.pdf,PyPDF2 (no OCR),0.7872,0.0,0.7872,/content/drive/MyDrive/Base Model Farsi/Output Texts/اورلیموس.txt
/content/drive/MyDrive/Base Model Farsi/Documents/medical guidelines/راهنمای تجویز دارو/سورافنیب,سورافنیب 9 مرد.pdf,OCR (better),0.4625,0.6944,0.6944,/content/drive/MyDrive/Base Model Farsi/Output Texts/سورافنیب 9 مرد.txt
/content/drive/MyDrive/Base Model Farsi/Documents/medical guidelines/راهنمای تجویز دارو/اورلیموس,اورلیموس جهت ابلاغ.pdf,OCR (better),0.0,0.7272,0.7272,/content/drive/MyDrive/Base Model Farsi/Output Texts/اورلیموس جهت ابلاغ.txt
/content/drive/MyDrive/Base Model Farsi/Documents/medical guidelines/راهنمای تجویز دارو/DORNASE ALFA,نامه ابلاغ DORNASE ALFA.pdf,OCR (better),0.0,0.5018,0.5018,/content/drive/MyDrive/Base Model Farsi/Output Texts/نامه ابلاغ DORNASE ALFA.txt
/content/drive/MyDrive/Base Model Farsi/Documents/medical guidelines/راهنمای تجویز دارو/DORNASE ALFA,فایل ابلاغ DORNASE ALFA.pdf,"PyPDF2 (better, OCR worse)",0.5289,0.518,0.5289,/content/drive/MyDrive/Base Model Farsi/Output Texts/فایل ابلاغ DORNASE ALFA.txt
/content/drive/MyDrive/Base Model Farsi/Documents/medical guidelines/راهنمای تجویز دارو/اسپری بینی بودزوناید,نامه ابلاغ (اسپری بینی بودزوناید).pdf,"PyPDF2 (better, OCR worse)",0.5207,0.508,0.5207,/content/drive/MyDrive/Base Model Farsi/Output Texts/نامه ابلاغ (اسپری بینی بودزوناید).txt
/content/drive/MyDrive/Base Model Farsi/Documents/medical guidelines/راهنمای تجویز دارو/اسپری بینی بودزوناید,اسپری بینی بودزوناید-17 دی.pdf,PyPDF2 (no OCR),0.7138,0.0,0.7138,/content/drive/MyDrive/Base Model Farsi/Output Texts/اسپری بینی بودزوناید-17 دی.txt
/content/drive/MyDrive/Base Model Farsi/Documents/medical guidelines/راهنمای تجویز دارو/پوساکونازول,پوساکونازول.pdf,PyPDF2 (no OCR),0.7856,0.0,0.7856,/content/drive/MyDrive/Base Model Farsi/Output Texts/پوساکونازول.txt
/content/drive/MyDrive/Base Model Farsi/Documents/medical guidelines/راهنمای تجویز دارو/آهن زدایی نهایی به همراه راهنمای تجویز داروها,آهن زدایی نهایی به همراه راهنمای تجویز داروها.pdf,PyPDF2 (no OCR),0.7868,0.0,0.7868,/content/drive/MyDrive/Base Model Farsi/Output Texts/آهن زدایی نهایی به همراه راهنمای تجویز داروها.txt
/content/drive/MyDrive/Base Model Farsi/Documents/medical guidelines/راهنمای تجویز دارو/پوساکونازول,نامه ابلاغ (پوساکونازول).pdf,"PyPDF2 (better, OCR worse)",0.5228,0.5082,0.5228,/content/drive/MyDrive/Base Model Farsi/Output Texts/نامه ابلاغ (پوساکونازول).txt
/content/drive/MyDrive/Base Model Farsi/Documents/medical guidelines/راهنمای تجویز دارو/داروی تاکرولیموس,داروی تاکرولیموس.pdf,PyPDF2 (no OCR),0.7919,0.0,0.7919,/content/drive/MyDrive/Base Model Farsi/Output Texts/داروی تاکرولیموس.txt
/content/drive/MyDrive/Base Model Farsi/Documents/medical guidelines/راهنمای تجویز دارو/داروی تاکرولیموس,نامه ابلاغ تاکرولیموس.pdf,"PyPDF2 (better, OCR worse)",0.5284,0.4999,0.5284,/content/drive/MyDrive/Base Model Farsi/Output Texts/نامه ابلاغ تاکرولیموس.txt
/content/drive/MyDrive/Base Model Farsi/Documents/medical guidelines/راهنمای تجویز دارو/بودزوناید استنشاقی,بودزوناید استنشاقی.pdf,PyPDF2 (no OCR),0.7001,0.0,0.7001,/content/drive/MyDrive/Base Model Farsi/Output Texts/بودزوناید استنشاقی.txt
/content/drive/MyDrive/Base Model Farsi/Documents/medical guidelines/راهنمای تجویز دارو/تموسیلین,راهنمای تجویز داروی تموسیلین.pdf,PyPDF2 (no OCR),0.6543,0.0,0.6543,/content/drive/MyDrive/Base Model Farsi/Output Texts/راهنمای تجویز داروی تموسیلین.txt
/content/drive/MyDrive/Base Model Farsi/Documents/medical guidelines/راهنمای تجویز دارو/بودزوناید استنشاقی,نامه ابلاغ (بودزوناید استنشاقی).pdf,"PyPDF2 (better, OCR worse)",0.5214,0.5047,0.5214,/content/drive/MyDrive/Base Model Farsi/Output Texts/نامه ابلاغ (بودزوناید استنشاقی).txt
/content/drive/MyDrive/Base Model Farsi/Documents/medical guidelines/راهنمای تجویز دارو/rATG,ATG نامه.pdf,PyPDF2 (no OCR),0.7847,0.0,0.7847,/content/drive/MyDrive/Base Model Farsi/Output Texts/ATG نامه.txt
/content/drive/MyDrive/Base Model Farsi/Documents/medical guidelines/راهنمای تجویز دارو/تموسیلین,نامه تموسیلین.pdf,"PyPDF2 (better, OCR worse)",0.5127,0.4897,0.5127,/content/drive/MyDrive/Base Model Farsi/Output Texts/نامه تموسیلین.txt
/content/drive/MyDrive/Base Model Farsi/Documents/medical guidelines/راهنمای تجویز دارو/اوولوکومب,اوولوکومب.pdf,PyPDF2 (no OCR),0.7872,0.0,0.7872,/content/drive/MyDrive/Base Model Farsi/Output Texts/اوولوکومب.txt
/content/drive/MyDrive/Base Model Farsi/Documents/medical guidelines/راهنمای تجویز دارو/اوولوکومب,اولوکومب.pdf,PyPDF2 (no OCR),0.6635,0.0,0.6635,/content/drive/MyDrive/Base Model Farsi/Output Texts/اولوکومب.txt
/content/drive/MyDrive/Base Model Farsi/Documents/medical guidelines/راهنمای تجویز دارو/کارگلومیک,نامه کارگلومیک.pdf,PyPDF2 (no OCR),0.7874,0.0,0.7874,/content/drive/MyDrive/Base Model Farsi/Output Texts/نامه کارگلومیک.txt
/content/drive/MyDrive/Base Model Farsi/Documents/medical guidelines/راهنمای تجویز دارو/کارگلومیک,کارگلومیک اس.pdf,"PyPDF2 (better, OCR worse)",0.5127,0.4819,0.5127,/content/drive/MyDrive/Base Model Farsi/Output Texts/کارگلومیک اس.txt
/content/drive/MyDrive/Base Model Farsi/Documents/medical guidelines/راهنمای تجویز دارو/پیموزاید (1),نامه ابلاغ پیموزاید.pdf,Skipped,0,0,0,/content/drive/MyDrive/Base Model Farsi/Output Texts/نامه ابلاغ پیموزاید.txt
/content/drive/MyDrive/Base Model Farsi/Documents/medical guidelines/راهنمای تجویز دارو/پیموزاید (1),8 آبان.pdf,Skipped,0,0,0,/content/drive/MyDrive/Base Model Farsi/Output Texts/8 آبان.txt
/content/drive/MyDrive/Base Model Farsi/Documents/medical guidelines/راهنمای تجویز دارو/تریمیپرامین,24 بهمن.pdf,PyPDF2 (no OCR),0.7254,0.0,0.7254,/content/drive/MyDrive/Base Model Farsi/Output Texts/24 بهمن.txt
/content/drive/MyDrive/Base Model Farsi/Documents/medical guidelines/راهنمای تجویز دارو/تریمیپرامین,نامه ابلاغ.pdf,Skipped,0,0,0,/content/drive/MyDrive/Base Model Farsi/Output Texts/نامه ابلاغ.txt
/content/drive/MyDrive/Base Model Farsi/Documents/medical guidelines/راهنمای تجویز دارو/تنکتپلاز OFF LABEL,30 بهمن.pdf,Skipped,0,0,0,/content/drive/MyDrive/Base Model Farsi/Output Texts/30 بهمن.txt
/content/drive/MyDrive/Base Model Farsi/Documents/medical guidelines/راهنمای تجویز دارو/تنکتپلاز OFF LABEL,نامه ابلاغ.pdf,Skipped,0,0,0,/content/drive/MyDrive/Base Model Farsi/Output Texts/نامه ابلاغ.txt
/content/drive/MyDrive/Base Model Farsi/Documents/medical guidelines/راهنمای تجویز دارو/لیپوزومال دوکسوروبیسین,لیپوزومال دوکسوروبیسین.pdf,OCR (better),0.2726,0.6124,0.6124,/content/drive/MyDrive/Base Model Farsi/Output Texts/لیپوزومال دوکسوروبیسین.txt
/content/drive/MyDrive/Base Model Farsi/Documents/medical guidelines/راهنمای تجویز دارو/rATG,rATG.pdf,OCR (better),0.4051,0.6847,0.6847,/content/drive/MyDrive/Base Model Farsi/Output Texts/rATG.txt
/content/drive/MyDrive/Base Model Farsi/Documents/medical guidelines/راهنمای تجویز دارو/کاربتوسین,کربتوسین.pdf,"PyPDF2 (better, OCR worse)",0.5204,0.496,0.5204,/content/drive/MyDrive/Base Model Farsi/Output Texts/کربتوسین.txt
/content/drive/MyDrive/Base Model Farsi/Documents/medical guidelines/راهنمای تجویز دارو/اوزانیمود,نامه ابلاغ اوزانیمود.pdf,OCR (better),0.0,0.491,0.491,/content/drive/MyDrive/Base Model Farsi/Output Texts/نامه ابلاغ اوزانیمود.txt
/content/drive/MyDrive/Base Model Farsi/Documents/medical guidelines/راهنمای تجویز دارو/کاربتوسین,کاربتوسین- 16 م.pdf,"PyPDF2 (better, OCR worse)",0.5873,0.565,0.5873,/content/drive/MyDrive/Base Model Farsi/Output Texts/کاربتوسین- 16 م.txt
/content/drive/MyDrive/Base Model Farsi/Documents/medical guidelines/راهنمای تجویز دارو/توسیلیزوماب,نامه توسیلیزوماب.pdf,PyPDF2 (no OCR),0.7846,0.0,0.7846,/content/drive/MyDrive/Base Model Farsi/Output Texts/نامه توسیلیزوماب.txt
/content/drive/MyDrive/Base Model Farsi/Documents/medical guidelines/راهنمای تجویز دارو/اوزانیمود,فایل ابلاغ اوزانیمود.pdf,"PyPDF2 (better, OCR worse)",0.5358,0.5058,0.5358,/content/drive/MyDrive/Base Model Farsi/Output Texts/فایل ابلاغ اوزانیمود.txt
/content/drive/MyDrive/Base Model Farsi/Documents/medical guidelines/راهنمای تجویز دارو/توسیلیزوماب,توسیلیزوماب.pdf,"PyPDF2 (better, OCR worse)",0.527,0.5023,0.527,/content/drive/MyDrive/Base Model Farsi/Output Texts/توسیلیزوماب.txt
/content/drive/MyDrive/Base Model Farsi/Documents/medical guidelines/راهنمای تجویز دارو/پریفنیدون,pirfenidon.pdf,"PyPDF2 (better, OCR worse)",0.5202,0.4625,0.5202,/content/drive/MyDrive/Base Model Farsi/Output Texts/pirfenidon.txt
/content/drive/MyDrive/Base Model Farsi/Documents/medical guidelines/راهنمای تجویز دارو/بیکالوتامید,6 تیر.pdf,Skipped,0,0,0,/content/drive/MyDrive/Base Model Farsi/Output Texts/6 تیر.txt
/content/drive/MyDrive/Base Model Farsi/Documents/medical guidelines/راهنمای تجویز دارو/هیدرالازین_1,نامه ابلاغ هیدرالازین.pdf,Skipped,0,0,0,/content/drive/MyDrive/Base Model Farsi/Output Texts/نامه ابلاغ هیدرالازین.txt
/content/drive/MyDrive/Base Model Farsi/Documents/medical guidelines/راهنمای تجویز دارو/هیدرالازین_1,9آبان.pdf,Skipped,0,0,0,/content/drive/MyDrive/Base Model Farsi/Output Texts/9آبان.txt
/content/drive/MyDrive/Base Model Farsi/Documents/medical guidelines/راهنمای تجویز دارو/سفتریاکسون,نامه ابلاغ سفتریاکسون.pdf,Skipped,0,0,0,/content/drive/MyDrive/Base Model Farsi/Output Texts/نامه ابلاغ سفتریاکسون.txt
/content/drive/MyDrive/Base Model Farsi/Documents/medical guidelines/راهنمای تجویز دارو/سفتریاکسون,8 آبان.pdf,Skipped,0,0,0,/content/drive/MyDrive/Base Model Farsi/Output Texts/8 آبان.txt
/content/drive/MyDrive/Base Model Farsi/Documents/medical guidelines/راهنمای تجویز دارو/بیکالوتامید,نامه ابلاغ بیکالوتامید.pdf,"PyPDF2 (better, OCR worse)",0.5206,0.5048,0.5206,/content/drive/MyDrive/Base Model Farsi/Output Texts/نامه ابلاغ بیکالوتامید.txt
/content/drive/MyDrive/Base Model Farsi/Documents/medical guidelines/راهنمای تجویز دارو/پانیتومومب,نامه پانیتومومب.pdf,PyPDF2 (no OCR),0.7847,0.0,0.7847,/content/drive/MyDrive/Base Model Farsi/Output Texts/نامه پانیتومومب.txt
/content/drive/MyDrive/Base Model Farsi/Documents/medical guidelines/راهنمای تجویز دارو/پانیتومومب,راهنمای تجویز داروی پانیتومومب.pdf,OCR (better),0.1444,0.5657,0.5657,/content/drive/MyDrive/Base Model Farsi/Output Texts/راهنمای تجویز داروی پانیتومومب.txt
/content/drive/MyDrive/Base Model Farsi/Documents/medical guidelines/راهنمای تجویز دارو/التپلاز,آلپلاز.pdf,PyPDF2 (no OCR),0.7874,0.0,0.7874,/content/drive/MyDrive/Base Model Farsi/Output Texts/آلپلاز.txt
/content/drive/MyDrive/Base Model Farsi/Documents/medical guidelines/راهنمای تجویز دارو/التپلاز,آلتپلاز.pdf,PyPDF2 (no OCR),0.7889,0.0,0.7889,/content/drive/MyDrive/Base Model Farsi/Output Texts/آلتپلاز.txt
/content/drive/MyDrive/Base Model Farsi/Documents/medical guidelines/راهنمای تجویز دارو/داپسون,نامه ابلاغ (راهنمای تجویز داپسون).pdf,"PyPDF2 (better, OCR worse)",0.5219,0.5007,0.5219,/content/drive/MyDrive/Base Model Farsi/Output Texts/نامه ابلاغ (راهنمای تجویز داپسون).txt
/content/drive/MyDrive/Base Model Farsi/Documents/medical guidelines/راهنمای تجویز دارو/داپسون,داپسون.pdf,PyPDF2 (no OCR),0.765,0.0,0.765,/content/drive/MyDrive/Base Model Farsi/Output Texts/داپسون.txt
/content/drive/MyDrive/Base Model Farsi/Documents/medical guidelines/راهنمای تجویز دارو/ATG_1,ATG .pdf,OCR (better),0.0721,0.6845,0.6845,/content/drive/MyDrive/Base Model Farsi/Output Texts/ATG .txt
/content/drive/MyDrive/Base Model Farsi/Documents/medical guidelines/راهنمای تجویز دارو/راهنمای تجویز داروی سدیم تیوسولفات,راهنمای تجویز داروی سدیم تیوسولفات.pdf,PyPDF2 (no OCR),0.7732,0.0,0.7732,/content/drive/MyDrive/Base Model Farsi/Output Texts/راهنمای تجویز داروی سدیم تیوسولفات.txt
/content/drive/MyDrive/Base Model Farsi/Documents/medical guidelines/راهنمای تجویز دارو/راهنمای تجویز داروی سدیم تیوسولفات,نامه ابلاغ داروی سدیم تیوسولفات.pdf,"PyPDF2 (better, OCR worse)",0.5225,0.4934,0.5225,/content/drive/MyDrive/Base Model Farsi/Output Texts/نامه ابلاغ داروی سدیم تیوسولفات.txt
/content/drive/MyDrive/Base Model Farsi/Documents/medical guidelines/راهنمای تجویز دارو/دارابین,راهنمای تجویز داروی فلو دارابین فایل پیوست.pdf,PyPDF2 (no OCR),0.737,0.0,0.737,/content/drive/MyDrive/Base Model Farsi/Output Texts/راهنمای تجویز داروی فلو دارابین فایل پیوست.txt
/content/drive/MyDrive/Base Model Farsi/Documents/medical guidelines/راهنمای تجویز دارو/انوکسا,انوکسا.pdf,PyPDF2 (no OCR),0.787,0.0,0.787,/content/drive/MyDrive/Base Model Farsi/Output Texts/انوکسا.txt
/content/drive/MyDrive/Base Model Farsi/Documents/medical guidelines/راهنمای تجویز دارو/دارابین,راهنمای تجویز داروی فلو دارابین نامه ابلاغ.pdf,"PyPDF2 (better, OCR worse)",0.5206,0.5073,0.5206,/content/drive/MyDrive/Base Model Farsi/Output Texts/راهنمای تجویز داروی فلو دارابین نامه ابلاغ.txt
/content/drive/MyDrive/Base Model Farsi/Documents/medical guidelines/راهنمای تجویز دارو/انوکسا,_پیوست2-فرم ترومبوآمبولی.pdf,"PyPDF2 (better, OCR worse)",0.5291,0.4777,0.5291,/content/drive/MyDrive/Base Model Farsi/Output Texts/_پیوست2-فرم ترومبوآمبولی.txt
/content/drive/MyDrive/Base Model Farsi/Documents/medical guidelines/راهنمای تجویز دارو/انوکسا,_پیوست1-راهنمای ارزیابی خطر ترومبوآمبولی وریدی در بارداری و پس از زایمان.pdf,"PyPDF2 (better, OCR worse)",0.5713,0.5638,0.5713,/content/drive/MyDrive/Base Model Farsi/Output Texts/_پیوست1-راهنمای ارزیابی خطر ترومبوآمبولی وریدی در بارداری و پس از زایمان.txt
/content/drive/MyDrive/Base Model Farsi/Documents/medical guidelines/راهنمای تجویز دارو/انوکسا,_راهنمای استفاده از فرم کنترل مادر پرخطر.pdf,"PyPDF2 (better, OCR worse)",0.5397,0.5249,0.5397,/content/drive/MyDrive/Base Model Farsi/Output Texts/_راهنمای استفاده از فرم کنترل مادر پرخطر.txt
/content/drive/MyDrive/Base Model Farsi/Documents/medical guidelines/راهنمای تجویز دارو/بواسیزومب OFF LABEL,بواسیزومب Off label.pdf,"PyPDF2 (better, OCR worse)",0.5242,0.5082,0.5242,/content/drive/MyDrive/Base Model Farsi/Output Texts/بواسیزومب Off label.txt
/content/drive/MyDrive/Base Model Farsi/Documents/medical guidelines/راهنمای تجویز دارو/بواسیزومب OFF LABEL,بواسیزوماب OFF LABEL.pdf,"PyPDF2 (better, OCR worse)",0.5928,0.5836,0.5928,/content/drive/MyDrive/Base Model Farsi/Output Texts/بواسیزوماب OFF LABEL.txt
/content/drive/MyDrive/Base Model Farsi/Documents/medical guidelines/راهنمای تجویز دارو/داروهای بیولوژیک,نامه.pdf,Skipped,0,0,0,/content/drive/MyDrive/Base Model Farsi/Output Texts/نامه.txt
/content/drive/MyDrive/Base Model Farsi/Documents/medical guidelines/راهنمای تجویز دارو/انوکسا,نسخه سوم انوکساپارین- نهایی.pdf,OCR (better),0.5151,0.7499,0.7499,/content/drive/MyDrive/Base Model Farsi/Output Texts/نسخه سوم انوکساپارین- نهایی.txt
/content/drive/MyDrive/Base Model Farsi/Documents/medical guidelines/راهنمای تجویز دارو/فولو,فولوسترانت نامه.pdf,PyPDF2 (no OCR),0.7874,0.0,0.7874,/content/drive/MyDrive/Base Model Farsi/Output Texts/فولوسترانت نامه.txt
/content/drive/MyDrive/Base Model Farsi/Documents/medical guidelines/راهنمای تجویز دارو/فولو,نهایی فولو جهت ابلاغ.pdf,OCR (better),0.3234,0.503,0.503,/content/drive/MyDrive/Base Model Farsi/Output Texts/نهایی فولو جهت ابلاغ.txt
/content/drive/MyDrive/Base Model Farsi/Documents/medical guidelines/راهنمای تجویز دارو/راهنمای تجویز داروی برنتوکسی ماب,نامه ابلاغ داروی برنتوکسی ماب.pdf,"PyPDF2 (better, OCR worse)",0.5202,0.4922,0.5202,/content/drive/MyDrive/Base Model Farsi/Output Texts/نامه ابلاغ داروی برنتوکسی ماب.txt
/content/drive/MyDrive/Base Model Farsi/Documents/medical guidelines/راهنمای تجویز دارو/راهنمای تجویز داروی برنتوکسی ماب,راهنمای تجویز داروی برنتوکسی ماب.pdf,"PyPDF2 (better, OCR worse)",0.5817,0.5445,0.5817,/content/drive/MyDrive/Base Model Farsi/Output Texts/راهنمای تجویز داروی برنتوکسی ماب.txt
/content/drive/MyDrive/Base Model Farsi/Documents/medical guidelines/راهنمای تجویز دارو/ابلاغ اتزولیزوماب,نامه ابلاغ آتزولیزوماب.pdf,"PyPDF2 (better, OCR worse)",0.5206,0.5046,0.5206,/content/drive/MyDrive/Base Model Farsi/Output Texts/نامه ابلاغ آتزولیزوماب.txt
/content/drive/MyDrive/Base Model Farsi/Documents/medical guidelines/راهنمای تجویز دارو/ابلاغ اتزولیزوماب,اتزولیزوماب.pdf,OCR (better),0.5238,0.5453,0.5453,/content/drive/MyDrive/Base Model Farsi/Output Texts/اتزولیزوماب.txt
/content/drive/MyDrive/Base Model Farsi/Documents/medical guidelines/راهنمای تجویز دارو/وریکونازول,نامه ابلاغ وریکونازول.pdf,"PyPDF2 (better, OCR worse)",0.5254,0.5103,0.5254,/content/drive/MyDrive/Base Model Farsi/Output Texts/نامه ابلاغ وریکونازول.txt
/content/drive/MyDrive/Base Model Farsi/Documents/medical guidelines/راهنمای تجویز دارو/وریکونازول,وریکونازول.pdf,PyPDF2 (no OCR),0.7887,0.0,0.7887,/content/drive/MyDrive/Base Model Farsi/Output Texts/وریکونازول.txt
/content/drive/MyDrive/Base Model Farsi/Documents/medical guidelines/راهنمای تجویز دارو/راهنمای تجویز داروی سرترالین,نامه ابلاغ داروی سرترالین.pdf,"PyPDF2 (better, OCR worse)",0.522,0.5039,0.522,/content/drive/MyDrive/Base Model Farsi/Output Texts/نامه ابلاغ داروی سرترالین.txt
/content/drive/MyDrive/Base Model Farsi/Documents/medical guidelines/راهنمای تجویز دارو/راهنمای تجویز داروی سرترالین,راهنمای تجویز داروی سرترالین.pdf,PyPDF2 (no OCR),0.7802,0.0,0.7802,/content/drive/MyDrive/Base Model Farsi/Output Texts/راهنمای تجویز داروی سرترالین.txt
/content/drive/MyDrive/Base Model Farsi/Documents/medical guidelines/راهنمای تجویز دارو/جفیتینیب,جفیتینیب.pdf,PyPDF2 (no OCR),0.7872,0.0,0.7872,/content/drive/MyDrive/Base Model Farsi/Output Texts/جفیتینیب.txt
/content/drive/MyDrive/Base Model Farsi/Documents/medical guidelines/راهنمای تجویز دارو/تری پاراتاید,تری پاراتاید نسخه دوم.pdf,PyPDF2 (no OCR),0.7872,0.0,0.7872,/content/drive/MyDrive/Base Model Farsi/Output Texts/تری پاراتاید نسخه دوم.txt
/content/drive/MyDrive/Base Model Farsi/Documents/medical guidelines/راهنمای تجویز دارو/تری پاراتاید,تری پاراتاید.pdf,OCR (better),0.5115,0.6043,0.6043,/content/drive/MyDrive/Base Model Farsi/Output Texts/تری پاراتاید.txt
/content/drive/MyDrive/Base Model Farsi/Documents/medical guidelines/راهنمای تجویز دارو/لووکارنیتین_1,ال کارنیتین راهنمای تجویز.pdf,"PyPDF2 (better, OCR worse)",0.5158,0.4707,0.5158,/content/drive/MyDrive/Base Model Farsi/Output Texts/ال کارنیتین راهنمای تجویز.txt
/content/drive/MyDrive/Base Model Farsi/Documents/medical guidelines/راهنمای تجویز دارو/لووکارنیتین_1,نامه ابلاغ.pdf,Skipped,0,0,0,/content/drive/MyDrive/Base Model Farsi/Output Texts/نامه ابلاغ.txt
/content/drive/MyDrive/Base Model Farsi/Documents/medical guidelines/راهنمای تجویز دارو/توفاسینیب,راهنمای تجویز داروی توفا سیتینیب off-lable نامه ابلاغ.pdf,"PyPDF2 (better, OCR worse)",0.523,0.5091,0.523,/content/drive/MyDrive/Base Model Farsi/Output Texts/راهنمای تجویز داروی توفا سیتینیب off-lable نامه ابلاغ.txt
/content/drive/MyDrive/Base Model Farsi/Documents/medical guidelines/راهنمای تجویز دارو/داروهای بیولوژیک,داروهای بیولوژیک.pdf,OCR (better),0.0,0.7463,0.7463,/content/drive/MyDrive/Base Model Farsi/Output Texts/داروهای بیولوژیک.txt
/content/drive/MyDrive/Base Model Farsi/Documents/medical guidelines/راهنمای تجویز دارو/بواستیزومب,نامه بواسیزو.pdf,PyPDF2 (no OCR),0.7847,0.0,0.7847,/content/drive/MyDrive/Base Model Farsi/Output Texts/نامه بواسیزو.txt
/content/drive/MyDrive/Base Model Farsi/Documents/medical guidelines/راهنمای تجویز دارو/توفاسینیب,راهنمای تجویز داروی توفا سیتینیب فایل پیوست  off-lable.pdf,OCR (better),0.0208,0.7469,0.7469,/content/drive/MyDrive/Base Model Farsi/Output Texts/راهنمای تجویز داروی توفا سیتینیب فایل پیوست  off-lable.txt
/content/drive/MyDrive/Base Model Farsi/Documents/medical guidelines/راهنمای تجویز دارو/راهنمای تجویز انسولین ترکیبی,انسولین ترکیبی 30 بهمن.pdf,"PyPDF2 (better, OCR worse)",0.5406,0.5053,0.5406,/content/drive/MyDrive/Base Model Farsi/Output Texts/انسولین ترکیبی 30 بهمن.txt
/content/drive/MyDrive/Base Model Farsi/Documents/medical guidelines/راهنمای تجویز دارو/راهنمای تجویز انسولین ترکیبی,نامه ابلاغ.pdf,Skipped,0,0,0,/content/drive/MyDrive/Base Model Farsi/Output Texts/نامه ابلاغ.txt
/content/drive/MyDrive/Base Model Farsi/Documents/medical guidelines/راهنمای تجویز دارو/راهنمای تجویز داروی آتورواستاتین,نامه ابلاغ.pdf,Skipped,0,0,0,/content/drive/MyDrive/Base Model Farsi/Output Texts/نامه ابلاغ.txt
/content/drive/MyDrive/Base Model Farsi/Documents/medical guidelines/راهنمای تجویز دارو/راهنمای تجویز داروی آتورواستاتین,راهنمای تجویز داروی آترواستاتین.pdf,PyPDF2 (no OCR),0.7838,0.0,0.7838,/content/drive/MyDrive/Base Model Farsi/Output Texts/راهنمای تجویز داروی آترواستاتین.txt
/content/drive/MyDrive/Base Model Farsi/Documents/medical guidelines/راهنمای تجویز دارو/راهنمای تحویز داروی بوسپیرون,نامه ابلاغ داروی بوسپیرون.pdf,"PyPDF2 (better, OCR worse)",0.522,0.5027,0.522,/content/drive/MyDrive/Base Model Farsi/Output Texts/نامه ابلاغ داروی بوسپیرون.txt
/content/drive/MyDrive/Base Model Farsi/Documents/medical guidelines/راهنمای تجویز دارو/راهنمای تحویز داروی بوسپیرون,راهنمای تجویز داروی بوسپیرون.pdf,PyPDF2 (no OCR),0.7856,0.0,0.7856,/content/drive/MyDrive/Base Model Farsi/Output Texts/راهنمای تجویز داروی بوسپیرون.txt
/content/drive/MyDrive/Base Model Farsi/Documents/medical guidelines/راهنمای تجویز دارو/ریسپیریدون,ریسپیریدون.pdf,"PyPDF2 (better, OCR worse)",0.5215,0.5054,0.5215,/content/drive/MyDrive/Base Model Farsi/Output Texts/ریسپیریدون.txt
/content/drive/MyDrive/Base Model Farsi/Documents/medical guidelines/راهنمای تجویز دارو/ریسپیریدون,ریسپریدون -19 م.pdf,PyPDF2 (no OCR),0.7238,0.0,0.7238,/content/drive/MyDrive/Base Model Farsi/Output Texts/ریسپریدون -19 م.txt
/content/drive/MyDrive/Base Model Farsi/Documents/medical guidelines/راهنمای تجویز دارو/کواموکسی کلاو_1,29 بهمن.pdf,Skipped,0,0,0,/content/drive/MyDrive/Base Model Farsi/Output Texts/29 بهمن.txt
/content/drive/MyDrive/Base Model Farsi/Documents/medical guidelines/راهنمای تجویز دارو/کواموکسی کلاو_1,نامه ابلاغ.pdf,Skipped,0,0,0,/content/drive/MyDrive/Base Model Farsi/Output Texts/نامه ابلاغ.txt
/content/drive/MyDrive/Base Model Farsi/Documents/medical guidelines/راهنمای تجویز دارو/لوتیراستام,لوتیراستام.pdf,"PyPDF2 (better, OCR worse)",0.5217,0.4976,0.5217,/content/drive/MyDrive/Base Model Farsi/Output Texts/لوتیراستام.txt
/content/drive/MyDrive/Base Model Farsi/Documents/medical guidelines/راهنمای تجویز دارو/بواستیزومب,راهنمای تجویز بواسیزوماب.pdf,OCR (better),0.4759,0.7681,0.7681,/content/drive/MyDrive/Base Model Farsi/Output Texts/راهنمای تجویز بواسیزوماب.txt
/content/drive/MyDrive/Base Model Farsi/Documents/medical guidelines/راهنمای تجویز دارو/پرتوزومب,29 بهمن.pdf,Skipped,0,0,0,/content/drive/MyDrive/Base Model Farsi/Output Texts/29 بهمن.txt
/content/drive/MyDrive/Base Model Farsi/Documents/medical guidelines/راهنمای تجویز دارو/پرتوزومب,نامه ابلاغ.pdf,Skipped,0,0,0,/content/drive/MyDrive/Base Model Farsi/Output Texts/نامه ابلاغ.txt
/content/drive/MyDrive/Base Model Farsi/Documents/medical guidelines/راهنمای تجویز دارو/داروی سانیتینیب,نامه ابلاغ سانیتینیب.pdf,"PyPDF2 (better, OCR worse)",0.5257,0.5094,0.5257,/content/drive/MyDrive/Base Model Farsi/Output Texts/نامه ابلاغ سانیتینیب.txt
/content/drive/MyDrive/Base Model Farsi/Documents/medical guidelines/راهنمای تجویز دارو/لوتیراستام,لوتیراستام-16 مهر.pdf,"PyPDF2 (better, OCR worse)",0.5978,0.5935,0.5978,/content/drive/MyDrive/Base Model Farsi/Output Texts/لوتیراستام-16 مهر.txt
/content/drive/MyDrive/Base Model Farsi/Documents/medical guidelines/راهنمای تجویز دارو/داروی سانیتینیب,داروی سانیتینیب.pdf,"PyPDF2 (better, OCR worse)",0.5564,0.5294,0.5564,/content/drive/MyDrive/Base Model Farsi/Output Texts/داروی سانیتینیب.txt
/content/drive/MyDrive/Base Model Farsi/Documents/medical guidelines/راهنمای تجویز دارو/داروی سیرولیموس,داروی سیرولیموس.pdf,PyPDF2 (no OCR),0.7879,0.0,0.7879,/content/drive/MyDrive/Base Model Farsi/Output Texts/داروی سیرولیموس.txt
/content/drive/MyDrive/Base Model Farsi/Documents/medical guidelines/راهنمای تجویز دارو/داروی سیرولیموس,نامه ابلاغ سیرولیموس.pdf,"PyPDF2 (better, OCR worse)",0.5255,0.5092,0.5255,/content/drive/MyDrive/Base Model Farsi/Output Texts/نامه ابلاغ سیرولیموس.txt
/content/drive/MyDrive/Base Model Farsi/Documents/medical guidelines/راهنمای تجویز دارو/دارو سفتازیدیم اوی باکتام,12 آبان.pdf,PyPDF2 (no OCR),0.761,0.0,0.761,/content/drive/MyDrive/Base Model Farsi/Output Texts/12 آبان.txt
/content/drive/MyDrive/Base Model Farsi/Documents/medical guidelines/راهنمای تجویز دارو/دارو سفتازیدیم اوی باکتام,نامه ابلاغ سفتازیدیم اوی باکتام.pdf,"PyPDF2 (better, OCR worse)",0.5276,0.5003,0.5276,/content/drive/MyDrive/Base Model Farsi/Output Texts/نامه ابلاغ سفتازیدیم اوی باکتام.txt
/content/drive/MyDrive/Base Model Farsi/Documents/medical guidelines/راهنمای تجویز دارو/دیالیز صفاقی,دیالیز صفاقی 1.pdf,PyPDF2 (no OCR),0.7904,0.0,0.7904,/content/drive/MyDrive/Base Model Farsi/Output Texts/دیالیز صفاقی 1.txt
/content/drive/MyDrive/Base Model Farsi/Documents/medical guidelines/راهنمای تجویز دارو/تنکتپلاز,تکنتپلاز.pdf,PyPDF2 (no OCR),0.7872,0.0,0.7872,/content/drive/MyDrive/Base Model Farsi/Output Texts/تکنتپلاز.txt
/content/drive/MyDrive/Base Model Farsi/Documents/medical guidelines/راهنمای تجویز دارو/دیالیز صفاقی,دیالیز صفاقی.pdf,"PyPDF2 (better, OCR worse)",0.5215,0.4991,0.5215,/content/drive/MyDrive/Base Model Farsi/Output Texts/دیالیز صفاقی.txt
/content/drive/MyDrive/Base Model Farsi/Documents/medical guidelines/راهنمای تجویز دارو/پالبوسیکلیب,پالبوسیکلیب.pdf,PyPDF2 (no OCR),0.787,0.0,0.787,/content/drive/MyDrive/Base Model Farsi/Output Texts/پالبوسیکلیب.txt
/content/drive/MyDrive/Base Model Farsi/Documents/medical guidelines/راهنمای تجویز دارو/پالبوسیکلیب,پالبوسیکلیب نهایی.pdf,OCR (better),0.0,0.4949,0.4949,/content/drive/MyDrive/Base Model Farsi/Output Texts/پالبوسیکلیب نهایی.txt
/content/drive/MyDrive/Base Model Farsi/Documents/medical guidelines/راهنمای تجویز دارو/فاکتورانعقادی در هموفیلی,راهنمای تجویز فاکتورهای انعقادی در اختلالات خونریزی دهنده ارثی.pdf,PyPDF2 (no OCR),0.7968,0.0,0.7968,/content/drive/MyDrive/Base Model Farsi/Output Texts/راهنمای تجویز فاکتورهای انعقادی در اختلالات خونریزی دهنده ارثی.txt
/content/drive/MyDrive/Base Model Farsi/Documents/medical guidelines/راهنمای تجویز دارو/فاکتورانعقادی در هموفیلی,نامه ابلاغ.pdf,Skipped,0,0,0,/content/drive/MyDrive/Base Model Farsi/Output Texts/نامه ابلاغ.txt
/content/drive/MyDrive/Base Model Farsi/Documents/medical guidelines/راهنمای تجویز دارو/کلسیپوتریول,کلسیپوتریول.pdf,PyPDF2 (no OCR),0.7873,0.0,0.7873,/content/drive/MyDrive/Base Model Farsi/Output Texts/کلسیپوتریول.txt
/content/drive/MyDrive/Base Model Farsi/Documents/medical guidelines/راهنمای تجویز دارو/تنکتپلاز,تنکتپلاز1.pdf,OCR (better),0.4895,0.6212,0.6212,/content/drive/MyDrive/Base Model Farsi/Output Texts/تنکتپلاز1.txt
/content/drive/MyDrive/Base Model Farsi/Documents/medical guidelines/راهنمای تجویز دارو/کلسیپوتریول,کلسیپوتریول+ب.pdf,"PyPDF2 (better, OCR worse)",0.569,0.5528,0.569,/content/drive/MyDrive/Base Model Farsi/Output Texts/کلسیپوتریول+ب.txt
/content/drive/MyDrive/Base Model Farsi/Documents/medical guidelines/راهنمای تجویز دارو/ترپروستینیل,فایل ابلاغ ترپروستینیل.pdf,PyPDF2 (no OCR),0.6036,0.0,0.6036,/content/drive/MyDrive/Base Model Farsi/Output Texts/فایل ابلاغ ترپروستینیل.txt
/content/drive/MyDrive/Base Model Farsi/Documents/medical guidelines/راهنمای تجویز دارو/ترپروستینیل,نامه ابلاغ ترپروستینیل.pdf,OCR (better),0.0,0.5036,0.5036,/content/drive/MyDrive/Base Model Farsi/Output Texts/نامه ابلاغ ترپروستینیل.txt
/content/drive/MyDrive/Base Model Farsi/Documents/medical guidelines/راهنمای تجویز دارو/توبرامایسین  دگزامتازون,توبرامایسین و دگزامتازون.pdf,"PyPDF2 (better, OCR worse)",0.5234,0.5023,0.5234,/content/drive/MyDrive/Base Model Farsi/Output Texts/توبرامایسین و دگزامتازون.txt
/content/drive/MyDrive/Base Model Farsi/Documents/medical guidelines/راهنمای تجویز دارو/miglustat,نامه ابلاغ (miglustst).pdf,"PyPDF2 (better, OCR worse)",0.5214,0.5065,0.5214,/content/drive/MyDrive/Base Model Farsi/Output Texts/نامه ابلاغ (miglustst).txt
/content/drive/MyDrive/Base Model Farsi/Documents/medical guidelines/راهنمای تجویز دارو/توبرامایسین  دگزامتازون,توبرامایسین .pdf,OCR (better),0.5824,0.5859,0.5859,/content/drive/MyDrive/Base Model Farsi/Output Texts/توبرامایسین .txt
/content/drive/MyDrive/Base Model Farsi/Documents/medical guidelines/راهنمای تجویز دارو/FSH,FSH.pdf,PyPDF2 (no OCR),0.7872,0.0,0.7872,/content/drive/MyDrive/Base Model Farsi/Output Texts/FSH.txt
/content/drive/MyDrive/Base Model Farsi/Documents/medical guidelines/راهنمای تجویز دارو/miglustat,میگلوستات.pdf,"PyPDF2 (better, OCR worse)",0.593,0.5725,0.593,/content/drive/MyDrive/Base Model Farsi/Output Texts/میگلوستات.txt
/content/drive/MyDrive/Base Model Farsi/Documents/medical guidelines/راهنمای تجویز دارو/FSH,FSH1.pdf,OCR (better),0.4314,0.5491,0.5491,/content/drive/MyDrive/Base Model Farsi/Output Texts/FSH1.txt
/content/drive/MyDrive/Base Model Farsi/Documents/medical guidelines/راهنمای تجویز دارو/داساتینیب,6 تیر.pdf,Skipped,0,0,0,/content/drive/MyDrive/Base Model Farsi/Output Texts/6 تیر.txt
/content/drive/MyDrive/Base Model Farsi/Documents/medical guidelines/راهنمای تجویز دارو/داساتینیب,نامه ابلاغ داساتینیب.pdf,"PyPDF2 (better, OCR worse)",0.5203,0.4846,0.5203,/content/drive/MyDrive/Base Model Farsi/Output Texts/نامه ابلاغ داساتینیب.txt
/content/drive/MyDrive/Base Model Farsi/Documents/medical guidelines/راهنمای تجویز دارو/داروی توسیلیزومب,فایل توسیلیزومب.pdf,PyPDF2 (no OCR),0.7837,0.0,0.7837,/content/drive/MyDrive/Base Model Farsi/Output Texts/فایل توسیلیزومب.txt
/content/drive/MyDrive/Base Model Farsi/Documents/medical guidelines/راهنمای تجویز دارو/اناکینرا,اناکینرا.pdf,PyPDF2 (no OCR),0.7872,0.0,0.7872,/content/drive/MyDrive/Base Model Farsi/Output Texts/اناکینرا.txt
/content/drive/MyDrive/Base Model Farsi/Documents/medical guidelines/راهنمای تجویز دارو/داروی توسیلیزومب,نامه ابلاغ توسیلیزومب.pdf,"PyPDF2 (better, OCR worse)",0.5273,0.5027,0.5273,/content/drive/MyDrive/Base Model Farsi/Output Texts/نامه ابلاغ توسیلیزومب.txt
/content/drive/MyDrive/Base Model Farsi/Documents/medical guidelines/راهنمای تجویز دارو/بودزوناید (سیستمیک خوراکی),نامه ابلاغ بودزوناید (سیستمیک خوراکی).pdf,"PyPDF2 (better, OCR worse)",0.524,0.5074,0.524,/content/drive/MyDrive/Base Model Farsi/Output Texts/نامه ابلاغ بودزوناید (سیستمیک خوراکی).txt
/content/drive/MyDrive/Base Model Farsi/Documents/medical guidelines/راهنمای تجویز دارو/بودزوناید (سیستمیک خوراکی),بودزوناید سیستمیک خوراکی.pdf,PyPDF2 (no OCR),0.7265,0.0,0.7265,/content/drive/MyDrive/Base Model Farsi/Output Texts/بودزوناید سیستمیک خوراکی.txt
/content/drive/MyDrive/Base Model Farsi/Documents/medical guidelines/راهنمای تجویز دارو/اناکینرا,آناکینرا.pdf,"PyPDF2 (better, OCR worse)",0.5527,0.5046,0.5527,/content/drive/MyDrive/Base Model Farsi/Output Texts/آناکینرا.txt
/content/drive/MyDrive/Base Model Farsi/Documents/medical guidelines/راهنمای تجویز دارو/بواسیزومب,بواسیزومب نسخه دوم.pdf,"PyPDF2 (better, OCR worse)",0.522,0.4979,0.522,/content/drive/MyDrive/Base Model Farsi/Output Texts/بواسیزومب نسخه دوم.txt
/content/drive/MyDrive/Base Model Farsi/Documents/medical guidelines/راهنمای تجویز دارو/پمبرولیزوماب (1),نامه ابلاغ پمبرولیزومب.pdf,Skipped,0,0,0,/content/drive/MyDrive/Base Model Farsi/Output Texts/نامه ابلاغ پمبرولیزومب.txt
/content/drive/MyDrive/Base Model Farsi/Documents/medical guidelines/راهنمای تجویز دارو/پمبرولیزوماب (1),9 آبان.pdf,Skipped,0,0,0,/content/drive/MyDrive/Base Model Farsi/Output Texts/9 آبان.txt
/content/drive/MyDrive/Base Model Farsi/Documents/medical guidelines/راهنمای تجویز دارو/بواسیزومب,بواسیزومب 15 مه.pdf,OCR (better),0.5978,0.7714,0.7714,/content/drive/MyDrive/Base Model Farsi/Output Texts/بواسیزومب 15 مه.txt
/content/drive/MyDrive/Base Model Farsi/Documents/medical guidelines/راهنمای تجویز دارو/داروی بورتزومب,نامه ابلاغ بورتزومب.pdf,"PyPDF2 (better, OCR worse)",0.5255,0.5024,0.5255,/content/drive/MyDrive/Base Model Farsi/Output Texts/نامه ابلاغ بورتزومب.txt
/content/drive/MyDrive/Base Model Farsi/Documents/medical guidelines/راهنمای تجویز دارو/داروی بورتزومب,داروی بورتزومب.pdf,PyPDF2 (no OCR),0.6789,0.0,0.6789,/content/drive/MyDrive/Base Model Farsi/Output Texts/داروی بورتزومب.txt
/content/drive/MyDrive/Base Model Farsi/Documents/medical guidelines/راهنمای تجویز دارو/ناتامایسین,ناتامایسین.pdf,"PyPDF2 (better, OCR worse)",0.522,0.509,0.522,/content/drive/MyDrive/Base Model Farsi/Output Texts/ناتامایسین.txt
/content/drive/MyDrive/Base Model Farsi/Documents/medical guidelines/راهنمای تجویز دارو/داروهای سرطان 3,داروهای سرطان.pdf,OCR (better),0.0,0.7632,0.7632,/content/drive/MyDrive/Base Model Farsi/Output Texts/داروهای سرطان.txt
/content/drive/MyDrive/Base Model Farsi/Documents/medical guidelines/راهنمای تجویز دارو/ناتامایسین,ناتامایسین1.pdf,"PyPDF2 (better, OCR worse)",0.5048,0.4979,0.5048,/content/drive/MyDrive/Base Model Farsi/Output Texts/ناتامایسین1.txt
/content/drive/MyDrive/Base Model Farsi/Documents/medical guidelines/راهنمای تجویز دارو/ریواروکسابان,فایل ابلاغ ریواروکسابان.pdf,PyPDF2 (no OCR),0.7907,0.0,0.7907,/content/drive/MyDrive/Base Model Farsi/Output Texts/فایل ابلاغ ریواروکسابان.txt
/content/drive/MyDrive/Base Model Farsi/Documents/medical guidelines/راهنمای تجویز دارو/ریواروکسابان,بخشنامه کشوری ریواروکسابان.pdf,"PyPDF2 (better, OCR worse)",0.4837,0.4465,0.4837,/content/drive/MyDrive/Base Model Farsi/Output Texts/بخشنامه کشوری ریواروکسابان.txt
/content/drive/MyDrive/Base Model Farsi/Documents/medical guidelines/راهنمای تجویز دارو/ریواروکسابان,نامه ابلاغ ریواروکسابان.pdf,"PyPDF2 (better, OCR worse)",0.5223,0.5066,0.5223,/content/drive/MyDrive/Base Model Farsi/Output Texts/نامه ابلاغ ریواروکسابان.txt
/content/drive/MyDrive/Base Model Farsi/Documents/medical guidelines/راهنمای تجویز دارو/ارلوتینیب,ارلوتینیب-23 دی.pdf,PyPDF2 (no OCR),0.6364,0.0,0.6364,/content/drive/MyDrive/Base Model Farsi/Output Texts/ارلوتینیب-23 دی.txt
/content/drive/MyDrive/Base Model Farsi/Documents/medical guidelines/راهنمای تجویز دارو/ارلوتینیب,نامه ابلاغ ارلوتینیب.pdf,"PyPDF2 (better, OCR worse)",0.5206,0.5066,0.5206,/content/drive/MyDrive/Base Model Farsi/Output Texts/نامه ابلاغ ارلوتینیب.txt
/content/drive/MyDrive/Base Model Farsi/Documents/medical guidelines/راهنمای تجویز دارو/پمتر کسد,نامه ابلاغ داروی پمتر کسد.pdf,OCR (better),0.0,0.4919,0.4919,/content/drive/MyDrive/Base Model Farsi/Output Texts/نامه ابلاغ داروی پمتر کسد.txt
/content/drive/MyDrive/Base Model Farsi/Documents/medical guidelines/راهنمای تجویز دارو/پمتر کسد,فایل ابلاغ پمتر کسد.pdf,OCR (better),0.4508,0.5477,0.5477,/content/drive/MyDrive/Base Model Farsi/Output Texts/فایل ابلاغ پمتر کسد.txt
/content/drive/MyDrive/Base Model Farsi/Documents/medical guidelines/Medical Ethics,منشور حقوق.pdf,PyPDF2 (no OCR),0.7043,0.0,0.7043,/content/drive/MyDrive/Base Model Farsi/Output Texts/منشور حقوق.txt
/content/drive/MyDrive/Base Model Farsi/Documents/medical guidelines/Medical Ethics,سند اخلاق دارو.pdf,PyPDF2 (no OCR),0.7848,0.0,0.7848,/content/drive/MyDrive/Base Model Farsi/Output Texts/سند اخلاق دارو.txt
/content/drive/MyDrive/Base Model Farsi/Documents/medical guidelines/Medical Ethics,راهنمای عمومی اخلاق حرفه ای شاغلین حرف پزشکی و وابسته نظام پزشکی جمهوری اسلامی ایران.pdf,PyPDF2 (no OCR),0.647,0.0,0.647,/content/drive/MyDrive/Base Model Farsi/Output Texts/راهنمای عمومی اخلاق حرفه ای شاغلین حرف پزشکی و وابسته نظام پزشکی جمهوری اسلامی ایران.txt
/content/drive/MyDrive/Base Model Farsi/Documents/medical guidelines/Medical Ethics,راهنمای طبابت بالینی نوزاد با پیش آگهی بد.pdf,PyPDF2 (no OCR),0.7946,0.0,0.7946,/content/drive/MyDrive/Base Model Farsi/Output Texts/راهنمای طبابت بالینی نوزاد با پیش آگهی بد.txt
/content/drive/MyDrive/Base Model Farsi/Documents/medical guidelines/Medical Ethics,راهنمای اخلاقی مراقبت تسکینی پایان حیات.pdf,PyPDF2 (no OCR),0.7913,0.0,0.7913,/content/drive/MyDrive/Base Model Farsi/Output Texts/راهنمای اخلاقی مراقبت تسکینی پایان حیات.txt
/content/drive/MyDrive/Base Model Farsi/Documents/medical guidelines/Medical Ethics,نحوه معرفی و ارائه اطلاعات علمی.pdf,OCR (better),0.0,0.575,0.575,/content/drive/MyDrive/Base Model Farsi/Output Texts/نحوه معرفی و ارائه اطلاعات علمی.txt
/content/drive/MyDrive/Base Model Farsi/Documents/medical guidelines/Medical Ethics,آیین اخلاق پرستاری.pdf,PyPDF2 (no OCR),0.7921,0.0,0.7921,/content/drive/MyDrive/Base Model Farsi/Output Texts/آیین اخلاق پرستاری.txt
/content/drive/MyDrive/Base Model Farsi/Documents/medical guidelines/Medical Ethics,الزامات برخورد با امتناع درمان.pdf,OCR (better),0.0,0.531,0.531,/content/drive/MyDrive/Base Model Farsi/Output Texts/الزامات برخورد با امتناع درمان.txt
/content/drive/MyDrive/Base Model Farsi/Documents/Sepas,Sepas.pdf,PyPDF2 (no OCR),0.7917,0.0,0.7917,/content/drive/MyDrive/Base Model Farsi/Output Texts/Sepas.txt
/content/drive/MyDrive/Base Model Farsi/Documents/Sepas,Sepas Guideline For Prescriber v.1.7.pdf,PyPDF2 (no OCR),0.7969,0.0,0.7969,/content/drive/MyDrive/Base Model Farsi/Output Texts/Sepas Guideline For Prescriber v.1.7.txt
/content/drive/MyDrive/Base Model Farsi/Documents/Educational Content,1. خود مراقبتی سن ابتدایی - DaneshAmoozi-Ebtedaei_250806_131601.pdf,PyPDF2 (no OCR),0.7361,0.0,0.7361,/content/drive/MyDrive/Base Model Farsi/Output Texts/1. خود مراقبتی سن ابتدایی - DaneshAmoozi-Ebtedaei_250806_131601.txt
/content/drive/MyDrive/Base Model Farsi/Documents/Educational Content,2. خود مراقبتی سن دبیرستان۱ - 205_5092_1510485535224_DaneshAmooziAval (1)_250806_131729.pdf,PyPDF2 (no OCR),0.773,0.0,0.773,/content/drive/MyDrive/Base Model Farsi/Output Texts/2. خود مراقبتی سن دبیرستان۱ - 205_5092_1510485535224_DaneshAmooziAval (1)_250806_131729.txt
/content/drive/MyDrive/Base Model Farsi/Documents/Educational Content,3. خود مراقبتی سن دبیرستان ۲ -DaneshAmoozan-Motavaseteh-Dovom_250806_153909.pdf,PyPDF2 (no OCR),0.7674,0.0,0.7674,/content/drive/MyDrive/Base Model Farsi/Output Texts/3. خود مراقبتی سن دبیرستان ۲ -DaneshAmoozan-Motavaseteh-Dovom_250806_153909.txt
/content/drive/MyDrive/Base Model Farsi/Documents/Educational Content,4. خود مراقبتی سکته و سرطان - khatar_sanji_hq96-04_250806_131131.pdf,PyPDF2 (no OCR),0.6679,0.0,0.6679,/content/drive/MyDrive/Base Model Farsi/Output Texts/4. خود مراقبتی سکته و سرطان - khatar_sanji_hq96-04_250806_131131.txt
/content/drive/MyDrive/Base Model Farsi/Documents/Educational Content,5. خود مراقبتی جوانان - Javanan_250806_153743.pdf,PyPDF2 (no OCR),0.7107,0.0,0.7107,/content/drive/MyDrive/Base Model Farsi/Output Texts/5. خود مراقبتی جوانان - Javanan_250806_153743.txt
/content/drive/MyDrive/Base Model Farsi/Documents/Educational Content,6. خود مراقبتی ناخوشی جزئی - nakhoshihai_jozei_250806_131428 (1).pdf,PyPDF2 (no OCR),0.7702,0.0,0.7702,/content/drive/MyDrive/Base Model Farsi/Output Texts/6. خود مراقبتی ناخوشی جزئی - nakhoshihai_jozei_250806_131428 (1).txt
/content/drive/MyDrive/Base Model Farsi/Documents/Educational Content,6. خود مراقبتی ناخوشی جزئی - nakhoshihai_jozei_250806_131428.pdf,PyPDF2 (no OCR),0.7702,0.0,0.7702,/content/drive/MyDrive/Base Model Farsi/Output Texts/6. خود مراقبتی ناخوشی جزئی - nakhoshihai_jozei_250806_131428.txt
/content/drive/MyDrive/Base Model Farsi/Documents/Educational Content,8. پرسشنامه اپ وورِث 2 - پرونده والد.pdf,"PyPDF2 (better, OCR worse)",0.4661,0.4637,0.4661,/content/drive/MyDrive/Base Model Farsi/Output Texts/8. پرسشنامه اپ وورِث 2 - پرونده والد.txt
/content/drive/MyDrive/Base Model Farsi/Documents/Educational Content,9. فرم_ویزیت_اول_والد_نسخه_۴_آوریل_۲۵_.pdf,PyPDF2 (no OCR),0.6267,0.0,0.6267,/content/drive/MyDrive/Base Model Farsi/Output Texts/9. فرم_ویزیت_اول_والد_نسخه_۴_آوریل_۲۵_.txt
/content/drive/MyDrive/Base Model Farsi/Documents/Educational Content,10. PHQ9_کمپ_خجک_امیر_عباس_بشارتی_فارسی.pdf,OCR (better),0.0,0.453,0.453,/content/drive/MyDrive/Base Model Farsi/Output Texts/10. PHQ9_کمپ_خجک_امیر_عباس_بشارتی_فارسی.txt
/content/drive/MyDrive/Base Model Farsi/Documents/Educational Content,11. GAD7کمپ_خجک_امیر_عباس_بشارتی_فارسی_.pdf,OCR (better),0.0,0.4413,0.4413,/content/drive/MyDrive/Base Model Farsi/Output Texts/11. GAD7کمپ_خجک_امیر_عباس_بشارتی_فارسی_.txt
/content/drive/MyDrive/Base Model Farsi/Documents/medical guidelines/Medical Ethics,دستورالعمل ارزشیابی رفتار حرفه ای دستیاران.pdf,OCR (better),0.0,0.7672,0.7672,/content/drive/MyDrive/Base Model Farsi/Output Texts/دستورالعمل ارزشیابی رفتار حرفه ای دستیاران.txt
/content/drive/MyDrive/Base Model Farsi/Documents/Educational Content,12. فراکس_خطر_اوستیو_پوروز_دکتر_امیر_عباس_بشارتی_کل_250805_075349.pdf,"PyPDF2 (better, OCR worse)",0.5797,0.5732,0.5797,/content/drive/MyDrive/Base Model Farsi/Output Texts/12. فراکس_خطر_اوستیو_پوروز_دکتر_امیر_عباس_بشارتی_کل_250805_075349.txt
